point_id,cut_angle_phi_degrees,cue_speed_cm_s,normal_stiffness_n_per_m32,normal_dissipation_s_per_m,microstep_seconds,partition
alciatore_cut_000,0,100.0,43029920.28076117,0.0,2.5e-06,spent_regression
alciatore_cut_008,8,100.0,43029920.28076117,0.0,2.5e-06,spent_regression
alciatore_cut_020,20,100.0,43029920.28076117,0.0,2.5e-06,spent_regression
alciatore_cut_034,34,100.0,43029920.28076117,0.0,2.5e-06,spent_regression
alciatore_cut_046,46,100.0,43029920.28076117,0.0,2.5e-06,spent_regression
alciatore_cut_057,57,100.0,43029920.28076117,0.0,2.5e-06,spent_regression
alciatore_cut_067,67,100.0,43029920.28076117,0.0,2.5e-06,spent_regression
alciatore_cut_077,77,100.0,43029920.28076117,0.0,2.5e-06,spent_regression
alciatore_cut_090,90,100.0,43029920.28076117,0.0,2.5e-06,spent_regression
