point_id,dataset_id,dataset_version,lifecycle,series_id,case_id,metric,sample_phase,impact_angle_degrees,incident_speed_m_s,expected,unit,standard_uncertainty,source_locator,normalized_path,normalized_sha256,raw_extracted_path,raw_extracted_sha256
ball_ball_e_head_on,sudo_2002,1.0.0,spent,sudo_ball_collision,ball_ball_e_head_on,ball_ball_normal_restitution,immediate_post_impact,30,0.98,0.897,dimensionless,0.01,"PDF p.3 / article p.155, ball-to-ball collision paragraph",tests/physics_validation/reference_data/sudo_2002/normalized.csv,sha256:d520f588ece441234044cf98198eb0807eda1a5b17a0435a57693ba3376bd424,tests/physics_validation/reference_data/sudo_2002/raw_extracted.csv,sha256:ad55353fd502273384ee53d498d465e05c0921c37885351cd0e221c00f979bcf
billiard_alpha1_001,domenech_2023_ball_collision,1.0.0,spent,billiard_alpha1,billiard_alpha1_001,cue_scattering_angle_degrees,immediate_post_impact,8.043206,0.8,73.81045,degree,0.11991770374823729,Fig. 6 experimental markers,tests/physics_validation/reference_data/domenech_2023_ball_collision/normalized.csv,sha256:d04396a53ab1010429fc67405e63bd92759fec7abc0ad1a86e9b395736f1a5ec,tests/physics_validation/reference_data/domenech_2023_ball_collision/raw_extracted.csv,sha256:fd26a8d030d12feee2f0829d1b005af7af523966d568c09d977b106b79a9d74d
billiard_alpha1_002,domenech_2023_ball_collision,1.0.0,spent,billiard_alpha1,billiard_alpha1_002,cue_scattering_angle_degrees,immediate_post_impact,9.665953,0.8,72.387032,degree,0.12042372364281052,Fig. 6 experimental markers,tests/physics_validation/reference_data/domenech_2023_ball_collision/normalized.csv,sha256:d04396a53ab1010429fc67405e63bd92759fec7abc0ad1a86e9b395736f1a5ec,tests/physics_validation/reference_data/domenech_2023_ball_collision/raw_extracted.csv,sha256:fd26a8d030d12feee2f0829d1b005af7af523966d568c09d977b106b79a9d74d
billiard_alpha1_003,domenech_2023_ball_collision,1.0.0,spent,billiard_alpha1,billiard_alpha1_003,cue_scattering_angle_degrees,immediate_post_impact,10.835935,0.8,75.164693,degree,0.12724484484744364,Fig. 6 experimental markers,tests/physics_validation/reference_data/domenech_2023_ball_collision/normalized.csv,sha256:d04396a53ab1010429fc67405e63bd92759fec7abc0ad1a86e9b395736f1a5ec,tests/physics_validation/reference_data/domenech_2023_ball_collision/raw_extracted.csv,sha256:fd26a8d030d12feee2f0829d1b005af7af523966d568c09d977b106b79a9d74d
billiard_alpha1_004,domenech_2023_ball_collision,1.0.0,spent,billiard_alpha1,billiard_alpha1_004,cue_scattering_angle_degrees,immediate_post_impact,11.712595,0.8,72.460006,degree,0.1099593105835063,Fig. 6 experimental markers,tests/physics_validation/reference_data/domenech_2023_ball_collision/normalized.csv,sha256:d04396a53ab1010429fc67405e63bd92759fec7abc0ad1a86e9b395736f1a5ec,tests/physics_validation/reference_data/domenech_2023_ball_collision/raw_extracted.csv,sha256:fd26a8d030d12feee2f0829d1b005af7af523966d568c09d977b106b79a9d74d
billiard_alpha1_005,domenech_2023_ball_collision,1.0.0,spent,billiard_alpha1,billiard_alpha1_005,cue_scattering_angle_degrees,immediate_post_impact,13.626651,0.8,73.763332,degree,0.10180143133694143,Fig. 6 experimental markers,tests/physics_validation/reference_data/domenech_2023_ball_collision/normalized.csv,sha256:d04396a53ab1010429fc67405e63bd92759fec7abc0ad1a86e9b395736f1a5ec,tests/physics_validation/reference_data/domenech_2023_ball_collision/raw_extracted.csv,sha256:fd26a8d030d12feee2f0829d1b005af7af523966d568c09d977b106b79a9d74d
billiard_alpha1_006,domenech_2023_ball_collision,1.0.0,spent,billiard_alpha1,billiard_alpha1_006,cue_scattering_angle_degrees,immediate_post_impact,15.359168,0.8,71.366279,degree,0.1106957240016524,Fig. 6 experimental markers,tests/physics_validation/reference_data/domenech_2023_ball_collision/normalized.csv,sha256:d04396a53ab1010429fc67405e63bd92759fec7abc0ad1a86e9b395736f1a5ec,tests/physics_validation/reference_data/domenech_2023_ball_collision/raw_extracted.csv,sha256:fd26a8d030d12feee2f0829d1b005af7af523966d568c09d977b106b79a9d74d
billiard_alpha1_007,domenech_2023_ball_collision,1.0.0,spent,billiard_alpha1,billiard_alpha1_007,cue_scattering_angle_degrees,immediate_post_impact,17.177087,0.8,67.507102,degree,0.1094559546849782,Fig. 6 experimental markers,tests/physics_validation/reference_data/domenech_2023_ball_collision/normalized.csv,sha256:d04396a53ab1010429fc67405e63bd92759fec7abc0ad1a86e9b395736f1a5ec,tests/physics_validation/reference_data/domenech_2023_ball_collision/raw_extracted.csv,sha256:fd26a8d030d12feee2f0829d1b005af7af523966d568c09d977b106b79a9d74d
billiard_alpha1_008,domenech_2023_ball_collision,1.0.0,spent,billiard_alpha1,billiard_alpha1_008,cue_scattering_angle_degrees,immediate_post_impact,17.182834,0.8,70.45535,degree,0.11951006386074774,Fig. 6 experimental markers,tests/physics_validation/reference_data/domenech_2023_ball_collision/normalized.csv,sha256:d04396a53ab1010429fc67405e63bd92759fec7abc0ad1a86e9b395736f1a5ec,tests/physics_validation/reference_data/domenech_2023_ball_collision/raw_extracted.csv,sha256:fd26a8d030d12feee2f0829d1b005af7af523966d568c09d977b106b79a9d74d
billiard_alpha1_009,domenech_2023_ball_collision,1.0.0,spent,billiard_alpha1,billiard_alpha1_009,cue_scattering_angle_degrees,immediate_post_impact,19.118526,0.8,68.799862,degree,0.10047166852401727,Fig. 6 experimental markers,tests/physics_validation/reference_data/domenech_2023_ball_collision/normalized.csv,sha256:d04396a53ab1010429fc67405e63bd92759fec7abc0ad1a86e9b395736f1a5ec,tests/physics_validation/reference_data/domenech_2023_ball_collision/raw_extracted.csv,sha256:fd26a8d030d12feee2f0829d1b005af7af523966d568c09d977b106b79a9d74d
billiard_alpha1_010,domenech_2023_ball_collision,1.0.0,spent,billiard_alpha1,billiard_alpha1_010,cue_scattering_angle_degrees,immediate_post_impact,20.945000,0.8,63.842467,degree,0.10020831185086396,Fig. 6 experimental markers,tests/physics_validation/reference_data/domenech_2023_ball_collision/normalized.csv,sha256:d04396a53ab1010429fc67405e63bd92759fec7abc0ad1a86e9b395736f1a5ec,tests/physics_validation/reference_data/domenech_2023_ball_collision/raw_extracted.csv,sha256:fd26a8d030d12feee2f0829d1b005af7af523966d568c09d977b106b79a9d74d
billiard_alpha1_011,domenech_2023_ball_collision,1.0.0,spent,billiard_alpha1,billiard_alpha1_011,cue_scattering_angle_degrees,immediate_post_impact,22.776647,0.8,66.326035,degree,0.10083650371889141,Fig. 6 experimental markers,tests/physics_validation/reference_data/domenech_2023_ball_collision/normalized.csv,sha256:d04396a53ab1010429fc67405e63bd92759fec7abc0ad1a86e9b395736f1a5ec,tests/physics_validation/reference_data/domenech_2023_ball_collision/raw_extracted.csv,sha256:fd26a8d030d12feee2f0829d1b005af7af523966d568c09d977b106b79a9d74d
billiard_alpha1_012,domenech_2023_ball_collision,1.0.0,spent,billiard_alpha1,billiard_alpha1_012,cue_scattering_angle_degrees,immediate_post_impact,23.461803,0.8,62.888957,degree,0.21317883656920542,Fig. 6 experimental markers,tests/physics_validation/reference_data/domenech_2023_ball_collision/normalized.csv,sha256:d04396a53ab1010429fc67405e63bd92759fec7abc0ad1a86e9b395736f1a5ec,tests/physics_validation/reference_data/domenech_2023_ball_collision/raw_extracted.csv,sha256:fd26a8d030d12feee2f0829d1b005af7af523966d568c09d977b106b79a9d74d
billiard_alpha1_013,domenech_2023_ball_collision,1.0.0,spent,billiard_alpha1,billiard_alpha1_013,cue_scattering_angle_degrees,immediate_post_impact,24.492633,0.8,61.301467,degree,0.11534175516264698,Fig. 6 experimental markers,tests/physics_validation/reference_data/domenech_2023_ball_collision/normalized.csv,sha256:d04396a53ab1010429fc67405e63bd92759fec7abc0ad1a86e9b395736f1a5ec,tests/physics_validation/reference_data/domenech_2023_ball_collision/raw_extracted.csv,sha256:fd26a8d030d12feee2f0829d1b005af7af523966d568c09d977b106b79a9d74d
billiard_alpha1_014,domenech_2023_ball_collision,1.0.0,spent,billiard_alpha1,billiard_alpha1_014,cue_scattering_angle_degrees,immediate_post_impact,26.194436,0.8,62.890535,degree,0.21457372488028445,Fig. 6 experimental markers,tests/physics_validation/reference_data/domenech_2023_ball_collision/normalized.csv,sha256:d04396a53ab1010429fc67405e63bd92759fec7abc0ad1a86e9b395736f1a5ec,tests/physics_validation/reference_data/domenech_2023_ball_collision/raw_extracted.csv,sha256:fd26a8d030d12feee2f0829d1b005af7af523966d568c09d977b106b79a9d74d
billiard_alpha1_015,domenech_2023_ball_collision,1.0.0,spent,billiard_alpha1,billiard_alpha1_015,cue_scattering_angle_degrees,immediate_post_impact,27.348485,0.8,61.358945,degree,0.1,Fig. 6 experimental markers,tests/physics_validation/reference_data/domenech_2023_ball_collision/normalized.csv,sha256:d04396a53ab1010429fc67405e63bd92759fec7abc0ad1a86e9b395736f1a5ec,tests/physics_validation/reference_data/domenech_2023_ball_collision/raw_extracted.csv,sha256:fd26a8d030d12feee2f0829d1b005af7af523966d568c09d977b106b79a9d74d
billiard_alpha1_016,domenech_2023_ball_collision,1.0.0,spent,billiard_alpha1,billiard_alpha1_016,cue_scattering_angle_degrees,immediate_post_impact,29.967255,0.8,60.268196,degree,0.13874477109516598,Fig. 6 experimental markers,tests/physics_validation/reference_data/domenech_2023_ball_collision/normalized.csv,sha256:d04396a53ab1010429fc67405e63bd92759fec7abc0ad1a86e9b395736f1a5ec,tests/physics_validation/reference_data/domenech_2023_ball_collision/raw_extracted.csv,sha256:fd26a8d030d12feee2f0829d1b005af7af523966d568c09d977b106b79a9d74d
billiard_alpha1_017,domenech_2023_ball_collision,1.0.0,spent,billiard_alpha1,billiard_alpha1_017,cue_scattering_angle_degrees,immediate_post_impact,31.596000,0.8,59.285735,degree,0.10870218982269861,Fig. 6 experimental markers,tests/physics_validation/reference_data/domenech_2023_ball_collision/normalized.csv,sha256:d04396a53ab1010429fc67405e63bd92759fec7abc0ad1a86e9b395736f1a5ec,tests/physics_validation/reference_data/domenech_2023_ball_collision/raw_extracted.csv,sha256:fd26a8d030d12feee2f0829d1b005af7af523966d568c09d977b106b79a9d74d
billiard_alpha1_018,domenech_2023_ball_collision,1.0.0,spent,billiard_alpha1,billiard_alpha1_018,cue_scattering_angle_degrees,immediate_post_impact,31.897561,0.8,56.392093,degree,0.10080618756926582,Fig. 6 experimental markers,tests/physics_validation/reference_data/domenech_2023_ball_collision/normalized.csv,sha256:d04396a53ab1010429fc67405e63bd92759fec7abc0ad1a86e9b395736f1a5ec,tests/physics_validation/reference_data/domenech_2023_ball_collision/raw_extracted.csv,sha256:fd26a8d030d12feee2f0829d1b005af7af523966d568c09d977b106b79a9d74d
billiard_alpha1_019,domenech_2023_ball_collision,1.0.0,spent,billiard_alpha1,billiard_alpha1_019,cue_scattering_angle_degrees,immediate_post_impact,33.744839,0.8,58.890964,degree,0.10041170236705482,Fig. 6 experimental markers,tests/physics_validation/reference_data/domenech_2023_ball_collision/normalized.csv,sha256:d04396a53ab1010429fc67405e63bd92759fec7abc0ad1a86e9b395736f1a5ec,tests/physics_validation/reference_data/domenech_2023_ball_collision/raw_extracted.csv,sha256:fd26a8d030d12feee2f0829d1b005af7af523966d568c09d977b106b79a9d74d
billiard_alpha1_020,domenech_2023_ball_collision,1.0.0,spent,billiard_alpha1,billiard_alpha1_020,cue_scattering_angle_degrees,immediate_post_impact,35.570041,0.8,56.391208,degree,0.10092170862728198,Fig. 6 experimental markers,tests/physics_validation/reference_data/domenech_2023_ball_collision/normalized.csv,sha256:d04396a53ab1010429fc67405e63bd92759fec7abc0ad1a86e9b395736f1a5ec,tests/physics_validation/reference_data/domenech_2023_ball_collision/raw_extracted.csv,sha256:fd26a8d030d12feee2f0829d1b005af7af523966d568c09d977b106b79a9d74d
billiard_alpha1_021,domenech_2023_ball_collision,1.0.0,spent,billiard_alpha1,billiard_alpha1_021,cue_scattering_angle_degrees,immediate_post_impact,36.258394,0.8,51.695728,degree,0.21775378838495554,Fig. 6 experimental markers,tests/physics_validation/reference_data/domenech_2023_ball_collision/normalized.csv,sha256:d04396a53ab1010429fc67405e63bd92759fec7abc0ad1a86e9b395736f1a5ec,tests/physics_validation/reference_data/domenech_2023_ball_collision/raw_extracted.csv,sha256:fd26a8d030d12feee2f0829d1b005af7af523966d568c09d977b106b79a9d74d
billiard_alpha1_022,domenech_2023_ball_collision,1.0.0,spent,billiard_alpha1,billiard_alpha1_022,cue_scattering_angle_degrees,immediate_post_impact,37.295548,0.8,50.255705,degree,0.10907114834363853,Fig. 6 experimental markers,tests/physics_validation/reference_data/domenech_2023_ball_collision/normalized.csv,sha256:d04396a53ab1010429fc67405e63bd92759fec7abc0ad1a86e9b395736f1a5ec,tests/physics_validation/reference_data/domenech_2023_ball_collision/raw_extracted.csv,sha256:fd26a8d030d12feee2f0829d1b005af7af523966d568c09d977b106b79a9d74d
billiard_alpha1_023,domenech_2023_ball_collision,1.0.0,spent,billiard_alpha1,billiard_alpha1_023,cue_scattering_angle_degrees,immediate_post_impact,38.906868,0.8,49.056387,degree,0.12980613007963068,Fig. 6 experimental markers,tests/physics_validation/reference_data/domenech_2023_ball_collision/normalized.csv,sha256:d04396a53ab1010429fc67405e63bd92759fec7abc0ad1a86e9b395736f1a5ec,tests/physics_validation/reference_data/domenech_2023_ball_collision/raw_extracted.csv,sha256:fd26a8d030d12feee2f0829d1b005af7af523966d568c09d977b106b79a9d74d
billiard_alpha1_024,domenech_2023_ball_collision,1.0.0,spent,billiard_alpha1,billiard_alpha1_024,cue_scattering_angle_degrees,immediate_post_impact,40.106567,0.8,46.312922,degree,0.12832966270118534,Fig. 6 experimental markers,tests/physics_validation/reference_data/domenech_2023_ball_collision/normalized.csv,sha256:d04396a53ab1010429fc67405e63bd92759fec7abc0ad1a86e9b395736f1a5ec,tests/physics_validation/reference_data/domenech_2023_ball_collision/raw_extracted.csv,sha256:fd26a8d030d12feee2f0829d1b005af7af523966d568c09d977b106b79a9d74d
billiard_alpha1_025,domenech_2023_ball_collision,1.0.0,spent,billiard_alpha1,billiard_alpha1_025,cue_scattering_angle_degrees,immediate_post_impact,40.150665,0.8,51.789266,degree,0.10410495651144572,Fig. 6 experimental markers,tests/physics_validation/reference_data/domenech_2023_ball_collision/normalized.csv,sha256:d04396a53ab1010429fc67405e63bd92759fec7abc0ad1a86e9b395736f1a5ec,tests/physics_validation/reference_data/domenech_2023_ball_collision/raw_extracted.csv,sha256:fd26a8d030d12feee2f0829d1b005af7af523966d568c09d977b106b79a9d74d
billiard_alpha1_026,domenech_2023_ball_collision,1.0.0,spent,billiard_alpha1,billiard_alpha1_026,cue_scattering_angle_degrees,immediate_post_impact,40.959997,0.8,48.978685,degree,0.11493951549510727,Fig. 6 experimental markers,tests/physics_validation/reference_data/domenech_2023_ball_collision/normalized.csv,sha256:d04396a53ab1010429fc67405e63bd92759fec7abc0ad1a86e9b395736f1a5ec,tests/physics_validation/reference_data/domenech_2023_ball_collision/raw_extracted.csv,sha256:fd26a8d030d12feee2f0829d1b005af7af523966d568c09d977b106b79a9d74d
billiard_alpha1_027,domenech_2023_ball_collision,1.0.0,spent,billiard_alpha1,billiard_alpha1_027,cue_scattering_angle_degrees,immediate_post_impact,42.839383,0.8,47.825115,degree,0.13455162774563525,Fig. 6 experimental markers,tests/physics_validation/reference_data/domenech_2023_ball_collision/normalized.csv,sha256:d04396a53ab1010429fc67405e63bd92759fec7abc0ad1a86e9b395736f1a5ec,tests/physics_validation/reference_data/domenech_2023_ball_collision/raw_extracted.csv,sha256:fd26a8d030d12feee2f0829d1b005af7af523966d568c09d977b106b79a9d74d
billiard_alpha1_028,domenech_2023_ball_collision,1.0.0,spent,billiard_alpha1,billiard_alpha1_028,cue_scattering_angle_degrees,immediate_post_impact,43.571678,0.8,45.460537,degree,0.2258537028277376,Fig. 6 experimental markers,tests/physics_validation/reference_data/domenech_2023_ball_collision/normalized.csv,sha256:d04396a53ab1010429fc67405e63bd92759fec7abc0ad1a86e9b395736f1a5ec,tests/physics_validation/reference_data/domenech_2023_ball_collision/raw_extracted.csv,sha256:fd26a8d030d12feee2f0829d1b005af7af523966d568c09d977b106b79a9d74d
billiard_alpha1_029,domenech_2023_ball_collision,1.0.0,spent,billiard_alpha1,billiard_alpha1_029,cue_scattering_angle_degrees,immediate_post_impact,44.727561,0.8,43.96789,degree,0.1,Fig. 6 experimental markers,tests/physics_validation/reference_data/domenech_2023_ball_collision/normalized.csv,sha256:d04396a53ab1010429fc67405e63bd92759fec7abc0ad1a86e9b395736f1a5ec,tests/physics_validation/reference_data/domenech_2023_ball_collision/raw_extracted.csv,sha256:fd26a8d030d12feee2f0829d1b005af7af523966d568c09d977b106b79a9d74d
billiard_alpha1_030,domenech_2023_ball_collision,1.0.0,spent,billiard_alpha1,billiard_alpha1_030,cue_scattering_angle_degrees,immediate_post_impact,47.220718,0.8,43.011738,degree,0.20518701160222108,Fig. 6 experimental markers,tests/physics_validation/reference_data/domenech_2023_ball_collision/normalized.csv,sha256:d04396a53ab1010429fc67405e63bd92759fec7abc0ad1a86e9b395736f1a5ec,tests/physics_validation/reference_data/domenech_2023_ball_collision/raw_extracted.csv,sha256:fd26a8d030d12feee2f0829d1b005af7af523966d568c09d977b106b79a9d74d
billiard_alpha1_031,domenech_2023_ball_collision,1.0.0,spent,billiard_alpha1,billiard_alpha1_031,cue_scattering_angle_degrees,immediate_post_impact,48.128668,0.8,39.957422,degree,0.21618033888631039,Fig. 6 experimental markers,tests/physics_validation/reference_data/domenech_2023_ball_collision/normalized.csv,sha256:d04396a53ab1010429fc67405e63bd92759fec7abc0ad1a86e9b395736f1a5ec,tests/physics_validation/reference_data/domenech_2023_ball_collision/raw_extracted.csv,sha256:fd26a8d030d12feee2f0829d1b005af7af523966d568c09d977b106b79a9d74d
billiard_alpha1_032,domenech_2023_ball_collision,1.0.0,spent,billiard_alpha1,billiard_alpha1_032,cue_scattering_angle_degrees,immediate_post_impact,49.014459,0.8,41.483431,degree,0.10027305732349046,Fig. 6 experimental markers,tests/physics_validation/reference_data/domenech_2023_ball_collision/normalized.csv,sha256:d04396a53ab1010429fc67405e63bd92759fec7abc0ad1a86e9b395736f1a5ec,tests/physics_validation/reference_data/domenech_2023_ball_collision/raw_extracted.csv,sha256:fd26a8d030d12feee2f0829d1b005af7af523966d568c09d977b106b79a9d74d
billiard_alpha1_033,domenech_2023_ball_collision,1.0.0,spent,billiard_alpha1,billiard_alpha1_033,cue_scattering_angle_degrees,immediate_post_impact,51.104769,0.8,41.484605,degree,0.10019334839324416,Fig. 6 experimental markers,tests/physics_validation/reference_data/domenech_2023_ball_collision/normalized.csv,sha256:d04396a53ab1010429fc67405e63bd92759fec7abc0ad1a86e9b395736f1a5ec,tests/physics_validation/reference_data/domenech_2023_ball_collision/raw_extracted.csv,sha256:fd26a8d030d12feee2f0829d1b005af7af523966d568c09d977b106b79a9d74d
billiard_alpha1_034,domenech_2023_ball_collision,1.0.0,spent,billiard_alpha1,billiard_alpha1_034,cue_scattering_angle_degrees,immediate_post_impact,51.708166,0.8,35.382378,degree,0.13073572338500292,Fig. 6 experimental markers,tests/physics_validation/reference_data/domenech_2023_ball_collision/normalized.csv,sha256:d04396a53ab1010429fc67405e63bd92759fec7abc0ad1a86e9b395736f1a5ec,tests/physics_validation/reference_data/domenech_2023_ball_collision/raw_extracted.csv,sha256:fd26a8d030d12feee2f0829d1b005af7af523966d568c09d977b106b79a9d74d
billiard_alpha1_035,domenech_2023_ball_collision,1.0.0,spent,billiard_alpha1,billiard_alpha1_035,cue_scattering_angle_degrees,immediate_post_impact,52.008524,0.8,38.121393,degree,0.10112982028190301,Fig. 6 experimental markers,tests/physics_validation/reference_data/domenech_2023_ball_collision/normalized.csv,sha256:d04396a53ab1010429fc67405e63bd92759fec7abc0ad1a86e9b395736f1a5ec,tests/physics_validation/reference_data/domenech_2023_ball_collision/raw_extracted.csv,sha256:fd26a8d030d12feee2f0829d1b005af7af523966d568c09d977b106b79a9d74d
billiard_alpha1_036,domenech_2023_ball_collision,1.0.0,spent,billiard_alpha1,billiard_alpha1_036,cue_scattering_angle_degrees,immediate_post_impact,53.857630,0.8,35.670009,degree,0.10056075787801125,Fig. 6 experimental markers,tests/physics_validation/reference_data/domenech_2023_ball_collision/normalized.csv,sha256:d04396a53ab1010429fc67405e63bd92759fec7abc0ad1a86e9b395736f1a5ec,tests/physics_validation/reference_data/domenech_2023_ball_collision/raw_extracted.csv,sha256:fd26a8d030d12feee2f0829d1b005af7af523966d568c09d977b106b79a9d74d
billiard_alpha1_037,domenech_2023_ball_collision,1.0.0,spent,billiard_alpha1,billiard_alpha1_037,cue_scattering_angle_degrees,immediate_post_impact,56.552354,0.8,32.940616,degree,0.12087886577168898,Fig. 6 experimental markers,tests/physics_validation/reference_data/domenech_2023_ball_collision/normalized.csv,sha256:d04396a53ab1010429fc67405e63bd92759fec7abc0ad1a86e9b395736f1a5ec,tests/physics_validation/reference_data/domenech_2023_ball_collision/raw_extracted.csv,sha256:fd26a8d030d12feee2f0829d1b005af7af523966d568c09d977b106b79a9d74d
billiard_alpha1_038,domenech_2023_ball_collision,1.0.0,spent,billiard_alpha1,billiard_alpha1_038,cue_scattering_angle_degrees,immediate_post_impact,57.529459,0.8,30.295704,degree,0.10005356466538312,Fig. 6 experimental markers,tests/physics_validation/reference_data/domenech_2023_ball_collision/normalized.csv,sha256:d04396a53ab1010429fc67405e63bd92759fec7abc0ad1a86e9b395736f1a5ec,tests/physics_validation/reference_data/domenech_2023_ball_collision/raw_extracted.csv,sha256:fd26a8d030d12feee2f0829d1b005af7af523966d568c09d977b106b79a9d74d
billiard_alpha1_039,domenech_2023_ball_collision,1.0.0,spent,billiard_alpha1,billiard_alpha1_039,cue_scattering_angle_degrees,immediate_post_impact,60.267976,0.8,29.054943,degree,0.10000544953151304,Fig. 6 experimental markers,tests/physics_validation/reference_data/domenech_2023_ball_collision/normalized.csv,sha256:d04396a53ab1010429fc67405e63bd92759fec7abc0ad1a86e9b395736f1a5ec,tests/physics_validation/reference_data/domenech_2023_ball_collision/raw_extracted.csv,sha256:fd26a8d030d12feee2f0829d1b005af7af523966d568c09d977b106b79a9d74d
billiard_alpha1_040,domenech_2023_ball_collision,1.0.0,spent,billiard_alpha1,billiard_alpha1_040,cue_scattering_angle_degrees,immediate_post_impact,63.001400,0.8,27.817729,degree,0.10002789133036846,Fig. 6 experimental markers,tests/physics_validation/reference_data/domenech_2023_ball_collision/normalized.csv,sha256:d04396a53ab1010429fc67405e63bd92759fec7abc0ad1a86e9b395736f1a5ec,tests/physics_validation/reference_data/domenech_2023_ball_collision/raw_extracted.csv,sha256:fd26a8d030d12feee2f0829d1b005af7af523966d568c09d977b106b79a9d74d
billiard_alpha1_041,domenech_2023_ball_collision,1.0.0,spent,billiard_alpha1,billiard_alpha1_041,cue_scattering_angle_degrees,immediate_post_impact,63.096032,0.8,24.038148,degree,0.11746204708862348,Fig. 6 experimental markers,tests/physics_validation/reference_data/domenech_2023_ball_collision/normalized.csv,sha256:d04396a53ab1010429fc67405e63bd92759fec7abc0ad1a86e9b395736f1a5ec,tests/physics_validation/reference_data/domenech_2023_ball_collision/raw_extracted.csv,sha256:fd26a8d030d12feee2f0829d1b005af7af523966d568c09d977b106b79a9d74d
billiard_alpha1_042,domenech_2023_ball_collision,1.0.0,spent,billiard_alpha1,billiard_alpha1_042,cue_scattering_angle_degrees,immediate_post_impact,65.688823,0.8,22.990182,degree,0.12641633164370022,Fig. 6 experimental markers,tests/physics_validation/reference_data/domenech_2023_ball_collision/normalized.csv,sha256:d04396a53ab1010429fc67405e63bd92759fec7abc0ad1a86e9b395736f1a5ec,tests/physics_validation/reference_data/domenech_2023_ball_collision/raw_extracted.csv,sha256:fd26a8d030d12feee2f0829d1b005af7af523966d568c09d977b106b79a9d74d
billiard_alpha1_043,domenech_2023_ball_collision,1.0.0,spent,billiard_alpha1,billiard_alpha1_043,cue_scattering_angle_degrees,immediate_post_impact,66.658336,0.8,20.753007,degree,0.10028792966254714,Fig. 6 experimental markers,tests/physics_validation/reference_data/domenech_2023_ball_collision/normalized.csv,sha256:d04396a53ab1010429fc67405e63bd92759fec7abc0ad1a86e9b395736f1a5ec,tests/physics_validation/reference_data/domenech_2023_ball_collision/raw_extracted.csv,sha256:fd26a8d030d12feee2f0829d1b005af7af523966d568c09d977b106b79a9d74d
billiard_alpha1_044,domenech_2023_ball_collision,1.0.0,spent,billiard_alpha1,billiard_alpha1_044,cue_scattering_angle_degrees,immediate_post_impact,69.391627,0.8,20.370678,degree,0.10090660045804735,Fig. 6 experimental markers,tests/physics_validation/reference_data/domenech_2023_ball_collision/normalized.csv,sha256:d04396a53ab1010429fc67405e63bd92759fec7abc0ad1a86e9b395736f1a5ec,tests/physics_validation/reference_data/domenech_2023_ball_collision/raw_extracted.csv,sha256:fd26a8d030d12feee2f0829d1b005af7af523966d568c09d977b106b79a9d74d
billiard_alpha1_045,domenech_2023_ball_collision,1.0.0,spent,billiard_alpha1,billiard_alpha1_045,cue_scattering_angle_degrees,immediate_post_impact,70.546807,0.8,18.815298,degree,0.2020146114919661,Fig. 6 experimental markers,tests/physics_validation/reference_data/domenech_2023_ball_collision/normalized.csv,sha256:d04396a53ab1010429fc67405e63bd92759fec7abc0ad1a86e9b395736f1a5ec,tests/physics_validation/reference_data/domenech_2023_ball_collision/raw_extracted.csv,sha256:fd26a8d030d12feee2f0829d1b005af7af523966d568c09d977b106b79a9d74d
billiard_alpha1_046,domenech_2023_ball_collision,1.0.0,spent,billiard_alpha1,billiard_alpha1_046,cue_scattering_angle_degrees,immediate_post_impact,71.566311,0.8,20.654575,degree,0.1948135747586651,Fig. 6 experimental markers,tests/physics_validation/reference_data/domenech_2023_ball_collision/normalized.csv,sha256:d04396a53ab1010429fc67405e63bd92759fec7abc0ad1a86e9b395736f1a5ec,tests/physics_validation/reference_data/domenech_2023_ball_collision/raw_extracted.csv,sha256:fd26a8d030d12feee2f0829d1b005af7af523966d568c09d977b106b79a9d74d
billiard_alpha1_047,domenech_2023_ball_collision,1.0.0,spent,billiard_alpha1,billiard_alpha1_047,cue_scattering_angle_degrees,immediate_post_impact,72.287020,0.8,18.098242,degree,0.12031240507944307,Fig. 6 experimental markers,tests/physics_validation/reference_data/domenech_2023_ball_collision/normalized.csv,sha256:d04396a53ab1010429fc67405e63bd92759fec7abc0ad1a86e9b395736f1a5ec,tests/physics_validation/reference_data/domenech_2023_ball_collision/raw_extracted.csv,sha256:fd26a8d030d12feee2f0829d1b005af7af523966d568c09d977b106b79a9d74d
billiard_delta2_001,domenech_2023_ball_collision,1.0.0,spent,billiard_delta2,billiard_delta2_001,object_normal_deflection_angle_degrees,immediate_post_impact,7.716660,0.8,0.990626,degree,0.10007402736099913,Fig. 5 experimental markers,tests/physics_validation/reference_data/domenech_2023_ball_collision/normalized.csv,sha256:d04396a53ab1010429fc67405e63bd92759fec7abc0ad1a86e9b395736f1a5ec,tests/physics_validation/reference_data/domenech_2023_ball_collision/raw_extracted.csv,sha256:fd26a8d030d12feee2f0829d1b005af7af523966d568c09d977b106b79a9d74d
billiard_delta2_002,domenech_2023_ball_collision,1.0.0,spent,billiard_delta2,billiard_delta2_002,object_normal_deflection_angle_degrees,immediate_post_impact,9.749083,0.8,0.945214,degree,0.10231402528001722,Fig. 5 experimental markers,tests/physics_validation/reference_data/domenech_2023_ball_collision/normalized.csv,sha256:d04396a53ab1010429fc67405e63bd92759fec7abc0ad1a86e9b395736f1a5ec,tests/physics_validation/reference_data/domenech_2023_ball_collision/raw_extracted.csv,sha256:fd26a8d030d12feee2f0829d1b005af7af523966d568c09d977b106b79a9d74d
billiard_delta2_003,domenech_2023_ball_collision,1.0.0,spent,billiard_delta2,billiard_delta2_003,object_normal_deflection_angle_degrees,immediate_post_impact,10.599396,0.8,1.697166,degree,0.1007274092402361,Fig. 5 experimental markers,tests/physics_validation/reference_data/domenech_2023_ball_collision/normalized.csv,sha256:d04396a53ab1010429fc67405e63bd92759fec7abc0ad1a86e9b395736f1a5ec,tests/physics_validation/reference_data/domenech_2023_ball_collision/raw_extracted.csv,sha256:fd26a8d030d12feee2f0829d1b005af7af523966d568c09d977b106b79a9d74d
billiard_delta2_004,domenech_2023_ball_collision,1.0.0,spent,billiard_delta2,billiard_delta2_004,object_normal_deflection_angle_degrees,immediate_post_impact,12.407309,0.8,1.341788,degree,0.10124378519691962,Fig. 5 experimental markers,tests/physics_validation/reference_data/domenech_2023_ball_collision/normalized.csv,sha256:d04396a53ab1010429fc67405e63bd92759fec7abc0ad1a86e9b395736f1a5ec,tests/physics_validation/reference_data/domenech_2023_ball_collision/raw_extracted.csv,sha256:fd26a8d030d12feee2f0829d1b005af7af523966d568c09d977b106b79a9d74d
billiard_delta2_005,domenech_2023_ball_collision,1.0.0,spent,billiard_delta2,billiard_delta2_005,object_normal_deflection_angle_degrees,immediate_post_impact,14.294320,0.8,0.991,degree,0.1000603599084073,Fig. 5 experimental markers,tests/physics_validation/reference_data/domenech_2023_ball_collision/normalized.csv,sha256:d04396a53ab1010429fc67405e63bd92759fec7abc0ad1a86e9b395736f1a5ec,tests/physics_validation/reference_data/domenech_2023_ball_collision/raw_extracted.csv,sha256:fd26a8d030d12feee2f0829d1b005af7af523966d568c09d977b106b79a9d74d
billiard_delta2_006,domenech_2023_ball_collision,1.0.0,spent,billiard_delta2,billiard_delta2_006,object_normal_deflection_angle_degrees,immediate_post_impact,14.947646,0.8,2.017206,degree,0.10000199078518389,Fig. 5 experimental markers,tests/physics_validation/reference_data/domenech_2023_ball_collision/normalized.csv,sha256:d04396a53ab1010429fc67405e63bd92759fec7abc0ad1a86e9b395736f1a5ec,tests/physics_validation/reference_data/domenech_2023_ball_collision/raw_extracted.csv,sha256:fd26a8d030d12feee2f0829d1b005af7af523966d568c09d977b106b79a9d74d
billiard_delta2_007,domenech_2023_ball_collision,1.0.0,spent,billiard_delta2,billiard_delta2_007,object_normal_deflection_angle_degrees,immediate_post_impact,16.799788,0.8,1.93753,degree,0.11244538665614522,Fig. 5 experimental markers,tests/physics_validation/reference_data/domenech_2023_ball_collision/normalized.csv,sha256:d04396a53ab1010429fc67405e63bd92759fec7abc0ad1a86e9b395736f1a5ec,tests/physics_validation/reference_data/domenech_2023_ball_collision/raw_extracted.csv,sha256:fd26a8d030d12feee2f0829d1b005af7af523966d568c09d977b106b79a9d74d
billiard_delta2_008,domenech_2023_ball_collision,1.0.0,spent,billiard_delta2,billiard_delta2_008,object_normal_deflection_angle_degrees,immediate_post_impact,17.938982,0.8,2.364035,degree,0.10002324975849365,Fig. 5 experimental markers,tests/physics_validation/reference_data/domenech_2023_ball_collision/normalized.csv,sha256:d04396a53ab1010429fc67405e63bd92759fec7abc0ad1a86e9b395736f1a5ec,tests/physics_validation/reference_data/domenech_2023_ball_collision/raw_extracted.csv,sha256:fd26a8d030d12feee2f0829d1b005af7af523966d568c09d977b106b79a9d74d
billiard_delta2_009,domenech_2023_ball_collision,1.0.0,spent,billiard_delta2,billiard_delta2_009,object_normal_deflection_angle_degrees,immediate_post_impact,19.731645,0.8,1.681394,degree,0.10006802047107757,Fig. 5 experimental markers,tests/physics_validation/reference_data/domenech_2023_ball_collision/normalized.csv,sha256:d04396a53ab1010429fc67405e63bd92759fec7abc0ad1a86e9b395736f1a5ec,tests/physics_validation/reference_data/domenech_2023_ball_collision/raw_extracted.csv,sha256:fd26a8d030d12feee2f0829d1b005af7af523966d568c09d977b106b79a9d74d
billiard_delta2_010,domenech_2023_ball_collision,1.0.0,spent,billiard_delta2,billiard_delta2_010,object_normal_deflection_angle_degrees,immediate_post_impact,20.567229,0.8,2.72421,degree,0.10143940449352018,Fig. 5 experimental markers,tests/physics_validation/reference_data/domenech_2023_ball_collision/normalized.csv,sha256:d04396a53ab1010429fc67405e63bd92759fec7abc0ad1a86e9b395736f1a5ec,tests/physics_validation/reference_data/domenech_2023_ball_collision/raw_extracted.csv,sha256:fd26a8d030d12feee2f0829d1b005af7af523966d568c09d977b106b79a9d74d
billiard_delta2_011,domenech_2023_ball_collision,1.0.0,spent,billiard_delta2,billiard_delta2_011,object_normal_deflection_angle_degrees,immediate_post_impact,22.219341,0.8,2.360688,degree,0.10000708620017884,Fig. 5 experimental markers,tests/physics_validation/reference_data/domenech_2023_ball_collision/normalized.csv,sha256:d04396a53ab1010429fc67405e63bd92759fec7abc0ad1a86e9b395736f1a5ec,tests/physics_validation/reference_data/domenech_2023_ball_collision/raw_extracted.csv,sha256:fd26a8d030d12feee2f0829d1b005af7af523966d568c09d977b106b79a9d74d
billiard_delta2_012,domenech_2023_ball_collision,1.0.0,spent,billiard_delta2,billiard_delta2_012,object_normal_deflection_angle_degrees,immediate_post_impact,23.988505,0.8,2.326433,degree,0.10231317944917948,Fig. 5 experimental markers,tests/physics_validation/reference_data/domenech_2023_ball_collision/normalized.csv,sha256:d04396a53ab1010429fc67405e63bd92759fec7abc0ad1a86e9b395736f1a5ec,tests/physics_validation/reference_data/domenech_2023_ball_collision/raw_extracted.csv,sha256:fd26a8d030d12feee2f0829d1b005af7af523966d568c09d977b106b79a9d74d
billiard_delta2_013,domenech_2023_ball_collision,1.0.0,spent,billiard_delta2,billiard_delta2_013,object_normal_deflection_angle_degrees,immediate_post_impact,25.157919,0.8,3.0892,degree,0.10258899358118298,Fig. 5 experimental markers,tests/physics_validation/reference_data/domenech_2023_ball_collision/normalized.csv,sha256:d04396a53ab1010429fc67405e63bd92759fec7abc0ad1a86e9b395736f1a5ec,tests/physics_validation/reference_data/domenech_2023_ball_collision/raw_extracted.csv,sha256:fd26a8d030d12feee2f0829d1b005af7af523966d568c09d977b106b79a9d74d
billiard_delta2_014,domenech_2023_ball_collision,1.0.0,spent,billiard_delta2,billiard_delta2_014,object_normal_deflection_angle_degrees,immediate_post_impact,25.995068,0.8,2.348309,degree,0.10091645718241402,Fig. 5 experimental markers,tests/physics_validation/reference_data/domenech_2023_ball_collision/normalized.csv,sha256:d04396a53ab1010429fc67405e63bd92759fec7abc0ad1a86e9b395736f1a5ec,tests/physics_validation/reference_data/domenech_2023_ball_collision/raw_extracted.csv,sha256:fd26a8d030d12feee2f0829d1b005af7af523966d568c09d977b106b79a9d74d
billiard_delta2_015,domenech_2023_ball_collision,1.0.0,spent,billiard_delta2,billiard_delta2_015,object_normal_deflection_angle_degrees,immediate_post_impact,27.634272,0.8,2.707698,degree,0.10000132869242288,Fig. 5 experimental markers,tests/physics_validation/reference_data/domenech_2023_ball_collision/normalized.csv,sha256:d04396a53ab1010429fc67405e63bd92759fec7abc0ad1a86e9b395736f1a5ec,tests/physics_validation/reference_data/domenech_2023_ball_collision/raw_extracted.csv,sha256:fd26a8d030d12feee2f0829d1b005af7af523966d568c09d977b106b79a9d74d
billiard_delta2_016,domenech_2023_ball_collision,1.0.0,spent,billiard_delta2,billiard_delta2_016,object_normal_deflection_angle_degrees,immediate_post_impact,27.918052,0.8,1.681073,degree,0.1000803481721062,Fig. 5 experimental markers,tests/physics_validation/reference_data/domenech_2023_ball_collision/normalized.csv,sha256:d04396a53ab1010429fc67405e63bd92759fec7abc0ad1a86e9b395736f1a5ec,tests/physics_validation/reference_data/domenech_2023_ball_collision/raw_extracted.csv,sha256:fd26a8d030d12feee2f0829d1b005af7af523966d568c09d977b106b79a9d74d
billiard_delta2_017,domenech_2023_ball_collision,1.0.0,spent,billiard_delta2,billiard_delta2_017,object_normal_deflection_angle_degrees,immediate_post_impact,29.409710,0.8,3.510181,degree,0.10122587829206522,Fig. 5 experimental markers,tests/physics_validation/reference_data/domenech_2023_ball_collision/normalized.csv,sha256:d04396a53ab1010429fc67405e63bd92759fec7abc0ad1a86e9b395736f1a5ec,tests/physics_validation/reference_data/domenech_2023_ball_collision/raw_extracted.csv,sha256:fd26a8d030d12feee2f0829d1b005af7af523966d568c09d977b106b79a9d74d
billiard_delta2_018,domenech_2023_ball_collision,1.0.0,spent,billiard_delta2,billiard_delta2_018,object_normal_deflection_angle_degrees,immediate_post_impact,29.718892,0.8,2.706183,degree,0.10000498988050548,Fig. 5 experimental markers,tests/physics_validation/reference_data/domenech_2023_ball_collision/normalized.csv,sha256:d04396a53ab1010429fc67405e63bd92759fec7abc0ad1a86e9b395736f1a5ec,tests/physics_validation/reference_data/domenech_2023_ball_collision/raw_extracted.csv,sha256:fd26a8d030d12feee2f0829d1b005af7af523966d568c09d977b106b79a9d74d
billiard_delta2_019,domenech_2023_ball_collision,1.0.0,spent,billiard_delta2,billiard_delta2_019,object_normal_deflection_angle_degrees,immediate_post_impact,31.262992,0.8,3.396054,degree,0.1000150673448756,Fig. 5 experimental markers,tests/physics_validation/reference_data/domenech_2023_ball_collision/normalized.csv,sha256:d04396a53ab1010429fc67405e63bd92759fec7abc0ad1a86e9b395736f1a5ec,tests/physics_validation/reference_data/domenech_2023_ball_collision/raw_extracted.csv,sha256:fd26a8d030d12feee2f0829d1b005af7af523966d568c09d977b106b79a9d74d
billiard_delta2_020,domenech_2023_ball_collision,1.0.0,spent,billiard_delta2,billiard_delta2_020,object_normal_deflection_angle_degrees,immediate_post_impact,31.542543,0.8,2.016322,degree,0.1000003187807419,Fig. 5 experimental markers,tests/physics_validation/reference_data/domenech_2023_ball_collision/normalized.csv,sha256:d04396a53ab1010429fc67405e63bd92759fec7abc0ad1a86e9b395736f1a5ec,tests/physics_validation/reference_data/domenech_2023_ball_collision/raw_extracted.csv,sha256:fd26a8d030d12feee2f0829d1b005af7af523966d568c09d977b106b79a9d74d
billiard_delta2_021,domenech_2023_ball_collision,1.0.0,spent,billiard_delta2,billiard_delta2_021,object_normal_deflection_angle_degrees,immediate_post_impact,33.315133,0.8,3.358444,degree,0.10320845486683734,Fig. 5 experimental markers,tests/physics_validation/reference_data/domenech_2023_ball_collision/normalized.csv,sha256:d04396a53ab1010429fc67405e63bd92759fec7abc0ad1a86e9b395736f1a5ec,tests/physics_validation/reference_data/domenech_2023_ball_collision/raw_extracted.csv,sha256:fd26a8d030d12feee2f0829d1b005af7af523966d568c09d977b106b79a9d74d
billiard_delta2_022,domenech_2023_ball_collision,1.0.0,spent,billiard_delta2,billiard_delta2_022,object_normal_deflection_angle_degrees,immediate_post_impact,34.138792,0.8,4.101753,degree,0.1008878388360064,Fig. 5 experimental markers,tests/physics_validation/reference_data/domenech_2023_ball_collision/normalized.csv,sha256:d04396a53ab1010429fc67405e63bd92759fec7abc0ad1a86e9b395736f1a5ec,tests/physics_validation/reference_data/domenech_2023_ball_collision/raw_extracted.csv,sha256:fd26a8d030d12feee2f0829d1b005af7af523966d568c09d977b106b79a9d74d
billiard_delta2_023,domenech_2023_ball_collision,1.0.0,spent,billiard_delta2,billiard_delta2_023,object_normal_deflection_angle_degrees,immediate_post_impact,35.955875,0.8,3.728081,degree,0.10112074555821868,Fig. 5 experimental markers,tests/physics_validation/reference_data/domenech_2023_ball_collision/normalized.csv,sha256:d04396a53ab1010429fc67405e63bd92759fec7abc0ad1a86e9b395736f1a5ec,tests/physics_validation/reference_data/domenech_2023_ball_collision/raw_extracted.csv,sha256:fd26a8d030d12feee2f0829d1b005af7af523966d568c09d977b106b79a9d74d
billiard_delta2_024,domenech_2023_ball_collision,1.0.0,spent,billiard_delta2,billiard_delta2_024,object_normal_deflection_angle_degrees,immediate_post_impact,36.052000,0.8,2.954959,degree,0.10000354896827414,Fig. 5 experimental markers,tests/physics_validation/reference_data/domenech_2023_ball_collision/normalized.csv,sha256:d04396a53ab1010429fc67405e63bd92759fec7abc0ad1a86e9b395736f1a5ec,tests/physics_validation/reference_data/domenech_2023_ball_collision/raw_extracted.csv,sha256:fd26a8d030d12feee2f0829d1b005af7af523966d568c09d977b106b79a9d74d
billiard_delta2_025,domenech_2023_ball_collision,1.0.0,spent,billiard_delta2,billiard_delta2_025,object_normal_deflection_angle_degrees,immediate_post_impact,37.680392,0.8,4.060973,degree,0.10092224807370277,Fig. 5 experimental markers,tests/physics_validation/reference_data/domenech_2023_ball_collision/normalized.csv,sha256:d04396a53ab1010429fc67405e63bd92759fec7abc0ad1a86e9b395736f1a5ec,tests/physics_validation/reference_data/domenech_2023_ball_collision/raw_extracted.csv,sha256:fd26a8d030d12feee2f0829d1b005af7af523966d568c09d977b106b79a9d74d
billiard_delta2_026,domenech_2023_ball_collision,1.0.0,spent,billiard_delta2,billiard_delta2_026,object_normal_deflection_angle_degrees,immediate_post_impact,38.515404,0.8,4.77772,degree,0.10000826863814813,Fig. 5 experimental markers,tests/physics_validation/reference_data/domenech_2023_ball_collision/normalized.csv,sha256:d04396a53ab1010429fc67405e63bd92759fec7abc0ad1a86e9b395736f1a5ec,tests/physics_validation/reference_data/domenech_2023_ball_collision/raw_extracted.csv,sha256:fd26a8d030d12feee2f0829d1b005af7af523966d568c09d977b106b79a9d74d
billiard_delta2_027,domenech_2023_ball_collision,1.0.0,spent,billiard_delta2,billiard_delta2_027,object_normal_deflection_angle_degrees,immediate_post_impact,39.676912,0.8,3.743234,degree,0.1000000987012013,Fig. 5 experimental markers,tests/physics_validation/reference_data/domenech_2023_ball_collision/normalized.csv,sha256:d04396a53ab1010429fc67405e63bd92759fec7abc0ad1a86e9b395736f1a5ec,tests/physics_validation/reference_data/domenech_2023_ball_collision/raw_extracted.csv,sha256:fd26a8d030d12feee2f0829d1b005af7af523966d568c09d977b106b79a9d74d
billiard_delta2_028,domenech_2023_ball_collision,1.0.0,spent,billiard_delta2,billiard_delta2_028,object_normal_deflection_angle_degrees,immediate_post_impact,40.327093,0.8,4.777524,degree,0.10001098101708633,Fig. 5 experimental markers,tests/physics_validation/reference_data/domenech_2023_ball_collision/normalized.csv,sha256:d04396a53ab1010429fc67405e63bd92759fec7abc0ad1a86e9b395736f1a5ec,tests/physics_validation/reference_data/domenech_2023_ball_collision/raw_extracted.csv,sha256:fd26a8d030d12feee2f0829d1b005af7af523966d568c09d977b106b79a9d74d
billiard_delta2_029,domenech_2023_ball_collision,1.0.0,spent,billiard_delta2,billiard_delta2_029,object_normal_deflection_angle_degrees,immediate_post_impact,42.297319,0.8,4.762452,degree,0.10136083248597558,Fig. 5 experimental markers,tests/physics_validation/reference_data/domenech_2023_ball_collision/normalized.csv,sha256:d04396a53ab1010429fc67405e63bd92759fec7abc0ad1a86e9b395736f1a5ec,tests/physics_validation/reference_data/domenech_2023_ball_collision/raw_extracted.csv,sha256:fd26a8d030d12feee2f0829d1b005af7af523966d568c09d977b106b79a9d74d
billiard_delta2_030,domenech_2023_ball_collision,1.0.0,spent,billiard_delta2,billiard_delta2_030,object_normal_deflection_angle_degrees,immediate_post_impact,44.229335,0.8,3.052486,degree,0.1,Fig. 5 experimental markers,tests/physics_validation/reference_data/domenech_2023_ball_collision/normalized.csv,sha256:d04396a53ab1010429fc67405e63bd92759fec7abc0ad1a86e9b395736f1a5ec,tests/physics_validation/reference_data/domenech_2023_ball_collision/raw_extracted.csv,sha256:fd26a8d030d12feee2f0829d1b005af7af523966d568c09d977b106b79a9d74d
billiard_delta2_031,domenech_2023_ball_collision,1.0.0,spent,billiard_delta2,billiard_delta2_031,object_normal_deflection_angle_degrees,immediate_post_impact,45.144403,0.8,5.113917,degree,0.10005846490927194,Fig. 5 experimental markers,tests/physics_validation/reference_data/domenech_2023_ball_collision/normalized.csv,sha256:d04396a53ab1010429fc67405e63bd92759fec7abc0ad1a86e9b395736f1a5ec,tests/physics_validation/reference_data/domenech_2023_ball_collision/raw_extracted.csv,sha256:fd26a8d030d12feee2f0829d1b005af7af523966d568c09d977b106b79a9d74d
billiard_delta2_032,domenech_2023_ball_collision,1.0.0,spent,billiard_delta2,billiard_delta2_032,object_normal_deflection_angle_degrees,immediate_post_impact,46.717490,0.8,3.307786,degree,0.11117036756258387,Fig. 5 experimental markers,tests/physics_validation/reference_data/domenech_2023_ball_collision/normalized.csv,sha256:d04396a53ab1010429fc67405e63bd92759fec7abc0ad1a86e9b395736f1a5ec,tests/physics_validation/reference_data/domenech_2023_ball_collision/raw_extracted.csv,sha256:fd26a8d030d12feee2f0829d1b005af7af523966d568c09d977b106b79a9d74d
billiard_delta2_033,domenech_2023_ball_collision,1.0.0,spent,billiard_delta2,billiard_delta2_033,object_normal_deflection_angle_degrees,immediate_post_impact,47.855737,0.8,3.745101,degree,0.10002014825148982,Fig. 5 experimental markers,tests/physics_validation/reference_data/domenech_2023_ball_collision/normalized.csv,sha256:d04396a53ab1010429fc67405e63bd92759fec7abc0ad1a86e9b395736f1a5ec,tests/physics_validation/reference_data/domenech_2023_ball_collision/raw_extracted.csv,sha256:fd26a8d030d12feee2f0829d1b005af7af523966d568c09d977b106b79a9d74d
billiard_delta2_034,domenech_2023_ball_collision,1.0.0,spent,billiard_delta2,billiard_delta2_034,object_normal_deflection_angle_degrees,immediate_post_impact,48.740707,0.8,4.779466,degree,0.10000106029562889,Fig. 5 experimental markers,tests/physics_validation/reference_data/domenech_2023_ball_collision/normalized.csv,sha256:d04396a53ab1010429fc67405e63bd92759fec7abc0ad1a86e9b395736f1a5ec,tests/physics_validation/reference_data/domenech_2023_ball_collision/raw_extracted.csv,sha256:fd26a8d030d12feee2f0829d1b005af7af523966d568c09d977b106b79a9d74d
billiard_delta2_035,domenech_2023_ball_collision,1.0.0,spent,billiard_delta2,billiard_delta2_035,object_normal_deflection_angle_degrees,immediate_post_impact,49.550205,0.8,3.037019,degree,0.10118914742327856,Fig. 5 experimental markers,tests/physics_validation/reference_data/domenech_2023_ball_collision/normalized.csv,sha256:d04396a53ab1010429fc67405e63bd92759fec7abc0ad1a86e9b395736f1a5ec,tests/physics_validation/reference_data/domenech_2023_ball_collision/raw_extracted.csv,sha256:fd26a8d030d12feee2f0829d1b005af7af523966d568c09d977b106b79a9d74d
billiard_delta2_036,domenech_2023_ball_collision,1.0.0,spent,billiard_delta2,billiard_delta2_036,object_normal_deflection_angle_degrees,immediate_post_impact,50.519814,0.8,4.124529,degree,0.10246052937717041,Fig. 5 experimental markers,tests/physics_validation/reference_data/domenech_2023_ball_collision/normalized.csv,sha256:d04396a53ab1010429fc67405e63bd92759fec7abc0ad1a86e9b395736f1a5ec,tests/physics_validation/reference_data/domenech_2023_ball_collision/raw_extracted.csv,sha256:fd26a8d030d12feee2f0829d1b005af7af523966d568c09d977b106b79a9d74d
billiard_delta2_037,domenech_2023_ball_collision,1.0.0,spent,billiard_delta2,billiard_delta2_037,object_normal_deflection_angle_degrees,immediate_post_impact,51.481504,0.8,5.468422,degree,0.10000709810933422,Fig. 5 experimental markers,tests/physics_validation/reference_data/domenech_2023_ball_collision/normalized.csv,sha256:d04396a53ab1010429fc67405e63bd92759fec7abc0ad1a86e9b395736f1a5ec,tests/physics_validation/reference_data/domenech_2023_ball_collision/raw_extracted.csv,sha256:fd26a8d030d12feee2f0829d1b005af7af523966d568c09d977b106b79a9d74d
billiard_delta2_038,domenech_2023_ball_collision,1.0.0,spent,billiard_delta2,billiard_delta2_038,object_normal_deflection_angle_degrees,immediate_post_impact,51.482710,0.8,3.396071,degree,0.10001477371368693,Fig. 5 experimental markers,tests/physics_validation/reference_data/domenech_2023_ball_collision/normalized.csv,sha256:d04396a53ab1010429fc67405e63bd92759fec7abc0ad1a86e9b395736f1a5ec,tests/physics_validation/reference_data/domenech_2023_ball_collision/raw_extracted.csv,sha256:fd26a8d030d12feee2f0829d1b005af7af523966d568c09d977b106b79a9d74d
billiard_delta2_039,domenech_2023_ball_collision,1.0.0,spent,billiard_delta2,billiard_delta2_039,object_normal_deflection_angle_degrees,immediate_post_impact,53.393426,0.8,3.757985,degree,0.10110270407981184,Fig. 5 experimental markers,tests/physics_validation/reference_data/domenech_2023_ball_collision/normalized.csv,sha256:d04396a53ab1010429fc67405e63bd92759fec7abc0ad1a86e9b395736f1a5ec,tests/physics_validation/reference_data/domenech_2023_ball_collision/raw_extracted.csv,sha256:fd26a8d030d12feee2f0829d1b005af7af523966d568c09d977b106b79a9d74d
billiard_delta2_040,domenech_2023_ball_collision,1.0.0,spent,billiard_delta2,billiard_delta2_040,object_normal_deflection_angle_degrees,immediate_post_impact,54.416639,0.8,4.167724,degree,0.11257484978448784,Fig. 5 experimental markers,tests/physics_validation/reference_data/domenech_2023_ball_collision/normalized.csv,sha256:d04396a53ab1010429fc67405e63bd92759fec7abc0ad1a86e9b395736f1a5ec,tests/physics_validation/reference_data/domenech_2023_ball_collision/raw_extracted.csv,sha256:fd26a8d030d12feee2f0829d1b005af7af523966d568c09d977b106b79a9d74d
billiard_delta2_041,domenech_2023_ball_collision,1.0.0,spent,billiard_delta2,billiard_delta2_041,object_normal_deflection_angle_degrees,immediate_post_impact,56.920713,0.8,3.743094,degree,0.1,Fig. 5 experimental markers,tests/physics_validation/reference_data/domenech_2023_ball_collision/normalized.csv,sha256:d04396a53ab1010429fc67405e63bd92759fec7abc0ad1a86e9b395736f1a5ec,tests/physics_validation/reference_data/domenech_2023_ball_collision/raw_extracted.csv,sha256:fd26a8d030d12feee2f0829d1b005af7af523966d568c09d977b106b79a9d74d
billiard_delta2_042,domenech_2023_ball_collision,1.0.0,spent,billiard_delta2,billiard_delta2_042,object_normal_deflection_angle_degrees,immediate_post_impact,57.811125,0.8,4.778061,degree,0.10000446030177855,Fig. 5 experimental markers,tests/physics_validation/reference_data/domenech_2023_ball_collision/normalized.csv,sha256:d04396a53ab1010429fc67405e63bd92759fec7abc0ad1a86e9b395736f1a5ec,tests/physics_validation/reference_data/domenech_2023_ball_collision/raw_extracted.csv,sha256:fd26a8d030d12feee2f0829d1b005af7af523966d568c09d977b106b79a9d74d
billiard_delta2_043,domenech_2023_ball_collision,1.0.0,spent,billiard_delta2,billiard_delta2_043,object_normal_deflection_angle_degrees,immediate_post_impact,59.719335,0.8,5.13061,degree,0.10200261157931204,Fig. 5 experimental markers,tests/physics_validation/reference_data/domenech_2023_ball_collision/normalized.csv,sha256:d04396a53ab1010429fc67405e63bd92759fec7abc0ad1a86e9b395736f1a5ec,tests/physics_validation/reference_data/domenech_2023_ball_collision/raw_extracted.csv,sha256:fd26a8d030d12feee2f0829d1b005af7af523966d568c09d977b106b79a9d74d
billiard_delta2_044,domenech_2023_ball_collision,1.0.0,spent,billiard_delta2,billiard_delta2_044,object_normal_deflection_angle_degrees,immediate_post_impact,61.221983,0.8,3.997965,degree,0.11135801729556791,Fig. 5 experimental markers,tests/physics_validation/reference_data/domenech_2023_ball_collision/normalized.csv,sha256:d04396a53ab1010429fc67405e63bd92759fec7abc0ad1a86e9b395736f1a5ec,tests/physics_validation/reference_data/domenech_2023_ball_collision/raw_extracted.csv,sha256:fd26a8d030d12feee2f0829d1b005af7af523966d568c09d977b106b79a9d74d
billiard_delta2_045,domenech_2023_ball_collision,1.0.0,spent,billiard_delta2,billiard_delta2_045,object_normal_deflection_angle_degrees,immediate_post_impact,62.356557,0.8,6.156433,degree,0.1000717379295973,Fig. 5 experimental markers,tests/physics_validation/reference_data/domenech_2023_ball_collision/normalized.csv,sha256:d04396a53ab1010429fc67405e63bd92759fec7abc0ad1a86e9b395736f1a5ec,tests/physics_validation/reference_data/domenech_2023_ball_collision/raw_extracted.csv,sha256:fd26a8d030d12feee2f0829d1b005af7af523966d568c09d977b106b79a9d74d
billiard_delta2_046,domenech_2023_ball_collision,1.0.0,spent,billiard_delta2,billiard_delta2_046,object_normal_deflection_angle_degrees,immediate_post_impact,62.359224,0.8,4.433768,degree,0.10000002211124756,Fig. 5 experimental markers,tests/physics_validation/reference_data/domenech_2023_ball_collision/normalized.csv,sha256:d04396a53ab1010429fc67405e63bd92759fec7abc0ad1a86e9b395736f1a5ec,tests/physics_validation/reference_data/domenech_2023_ball_collision/raw_extracted.csv,sha256:fd26a8d030d12feee2f0829d1b005af7af523966d568c09d977b106b79a9d74d
billiard_delta2_047,domenech_2023_ball_collision,1.0.0,spent,billiard_delta2,billiard_delta2_047,object_normal_deflection_angle_degrees,immediate_post_impact,64.798295,0.8,4.778036,degree,0.10000470438934361,Fig. 5 experimental markers,tests/physics_validation/reference_data/domenech_2023_ball_collision/normalized.csv,sha256:d04396a53ab1010429fc67405e63bd92759fec7abc0ad1a86e9b395736f1a5ec,tests/physics_validation/reference_data/domenech_2023_ball_collision/raw_extracted.csv,sha256:fd26a8d030d12feee2f0829d1b005af7af523966d568c09d977b106b79a9d74d
billiard_delta2_048,domenech_2023_ball_collision,1.0.0,spent,billiard_delta2,billiard_delta2_048,object_normal_deflection_angle_degrees,immediate_post_impact,65.986034,0.8,5.579125,degree,0.10000485100733865,Fig. 5 experimental markers,tests/physics_validation/reference_data/domenech_2023_ball_collision/normalized.csv,sha256:d04396a53ab1010429fc67405e63bd92759fec7abc0ad1a86e9b395736f1a5ec,tests/physics_validation/reference_data/domenech_2023_ball_collision/raw_extracted.csv,sha256:fd26a8d030d12feee2f0829d1b005af7af523966d568c09d977b106b79a9d74d
billiard_delta2_049,domenech_2023_ball_collision,1.0.0,spent,billiard_delta2,billiard_delta2_049,object_normal_deflection_angle_degrees,immediate_post_impact,66.871758,0.8,4.777419,degree,0.10001259205220112,Fig. 5 experimental markers,tests/physics_validation/reference_data/domenech_2023_ball_collision/normalized.csv,sha256:d04396a53ab1010429fc67405e63bd92759fec7abc0ad1a86e9b395736f1a5ec,tests/physics_validation/reference_data/domenech_2023_ball_collision/raw_extracted.csv,sha256:fd26a8d030d12feee2f0829d1b005af7af523966d568c09d977b106b79a9d74d
billiard_delta2_050,domenech_2023_ball_collision,1.0.0,spent,billiard_delta2,billiard_delta2_050,object_normal_deflection_angle_degrees,immediate_post_impact,69.512374,0.8,5.098555,degree,0.10071053253756532,Fig. 5 experimental markers,tests/physics_validation/reference_data/domenech_2023_ball_collision/normalized.csv,sha256:d04396a53ab1010429fc67405e63bd92759fec7abc0ad1a86e9b395736f1a5ec,tests/physics_validation/reference_data/domenech_2023_ball_collision/raw_extracted.csv,sha256:fd26a8d030d12feee2f0829d1b005af7af523966d568c09d977b106b79a9d74d
billiard_delta2_051,domenech_2023_ball_collision,1.0.0,spent,billiard_delta2,billiard_delta2_051,object_normal_deflection_angle_degrees,immediate_post_impact,70.502099,0.8,6.504342,degree,0.10000699720019596,Fig. 5 experimental markers,tests/physics_validation/reference_data/domenech_2023_ball_collision/normalized.csv,sha256:d04396a53ab1010429fc67405e63bd92759fec7abc0ad1a86e9b395736f1a5ec,tests/physics_validation/reference_data/domenech_2023_ball_collision/raw_extracted.csv,sha256:fd26a8d030d12feee2f0829d1b005af7af523966d568c09d977b106b79a9d74d
billiard_delta2_052,domenech_2023_ball_collision,1.0.0,spent,billiard_delta2,billiard_delta2_052,object_normal_deflection_angle_degrees,immediate_post_impact,71.424469,0.8,5.468509,degree,0.10000609389432226,Fig. 5 experimental markers,tests/physics_validation/reference_data/domenech_2023_ball_collision/normalized.csv,sha256:d04396a53ab1010429fc67405e63bd92759fec7abc0ad1a86e9b395736f1a5ec,tests/physics_validation/reference_data/domenech_2023_ball_collision/raw_extracted.csv,sha256:fd26a8d030d12feee2f0829d1b005af7af523966d568c09d977b106b79a9d74d
separation_angle_mean,sudo_2002,1.0.0,spent,sudo_ball_collision,separation_angle_mean,post_collision_separation_angle_degrees,immediate_post_impact,30,0.98,85.05,degree,1,"PDF p.4 / article p.156, conclusion item 4",tests/physics_validation/reference_data/sudo_2002/normalized.csv,sha256:d520f588ece441234044cf98198eb0807eda1a5b17a0435a57693ba3376bd424,tests/physics_validation/reference_data/sudo_2002/raw_extracted.csv,sha256:ad55353fd502273384ee53d498d465e05c0921c37885351cd0e221c00f979bcf
table1_shot_01_cue_speed,mathavan_2009_high_speed,1.0.0,spent,mathavan_velocity,table1_shot_01,post_collision_cue_speed_cm_s,first_pure_roll_after_event,33.83,1.539,81.6,cm/s,6.363961,Table I row 1,tests/physics_validation/reference_data/mathavan_2009_high_speed/normalized.csv,sha256:c429fc9f3996e194462abfd6e053046b28f87791662df3d09c24f2c19ffb7713,tests/physics_validation/reference_data/mathavan_2009_high_speed/raw_extracted.csv,sha256:e7825cfb753c8872ae6006fec49d55dad9ded354de42447c29f26b756d22d595
table1_shot_01_object_speed,mathavan_2009_high_speed,1.0.0,spent,mathavan_velocity,table1_shot_01,post_collision_object_speed_cm_s,first_pure_roll_after_event,33.83,1.539,83.6,cm/s,6.363961,Table I row 1,tests/physics_validation/reference_data/mathavan_2009_high_speed/normalized.csv,sha256:c429fc9f3996e194462abfd6e053046b28f87791662df3d09c24f2c19ffb7713,tests/physics_validation/reference_data/mathavan_2009_high_speed/raw_extracted.csv,sha256:e7825cfb753c8872ae6006fec49d55dad9ded354de42447c29f26b756d22d595
table1_shot_02_cue_speed,mathavan_2009_high_speed,1.0.0,spent,mathavan_velocity,table1_shot_02,post_collision_cue_speed_cm_s,first_pure_roll_after_event,26.36,1.032,52,cm/s,6.363961,Table I row 2,tests/physics_validation/reference_data/mathavan_2009_high_speed/normalized.csv,sha256:c429fc9f3996e194462abfd6e053046b28f87791662df3d09c24f2c19ffb7713,tests/physics_validation/reference_data/mathavan_2009_high_speed/raw_extracted.csv,sha256:e7825cfb753c8872ae6006fec49d55dad9ded354de42447c29f26b756d22d595
table1_shot_02_object_speed,mathavan_2009_high_speed,1.0.0,spent,mathavan_velocity,table1_shot_02,post_collision_object_speed_cm_s,first_pure_roll_after_event,26.36,1.032,62.9,cm/s,6.363961,Table I row 2,tests/physics_validation/reference_data/mathavan_2009_high_speed/normalized.csv,sha256:c429fc9f3996e194462abfd6e053046b28f87791662df3d09c24f2c19ffb7713,tests/physics_validation/reference_data/mathavan_2009_high_speed/raw_extracted.csv,sha256:e7825cfb753c8872ae6006fec49d55dad9ded354de42447c29f26b756d22d595
table1_shot_03_cue_speed,mathavan_2009_high_speed,1.0.0,spent,mathavan_velocity,table1_shot_03,post_collision_cue_speed_cm_s,first_pure_roll_after_event,40.52,1.364,92.5,cm/s,6.363961,Table I row 3,tests/physics_validation/reference_data/mathavan_2009_high_speed/normalized.csv,sha256:c429fc9f3996e194462abfd6e053046b28f87791662df3d09c24f2c19ffb7713,tests/physics_validation/reference_data/mathavan_2009_high_speed/raw_extracted.csv,sha256:e7825cfb753c8872ae6006fec49d55dad9ded354de42447c29f26b756d22d595
table1_shot_03_object_speed,mathavan_2009_high_speed,1.0.0,spent,mathavan_velocity,table1_shot_03,post_collision_object_speed_cm_s,first_pure_roll_after_event,40.52,1.364,70,cm/s,6.363961,Table I row 3,tests/physics_validation/reference_data/mathavan_2009_high_speed/normalized.csv,sha256:c429fc9f3996e194462abfd6e053046b28f87791662df3d09c24f2c19ffb7713,tests/physics_validation/reference_data/mathavan_2009_high_speed/raw_extracted.csv,sha256:e7825cfb753c8872ae6006fec49d55dad9ded354de42447c29f26b756d22d595
table1_shot_04_cue_speed,mathavan_2009_high_speed,1.0.0,spent,mathavan_velocity,table1_shot_04,post_collision_cue_speed_cm_s,first_pure_roll_after_event,46.50,1.731,127.5,cm/s,6.363961,Table I row 4,tests/physics_validation/reference_data/mathavan_2009_high_speed/normalized.csv,sha256:c429fc9f3996e194462abfd6e053046b28f87791662df3d09c24f2c19ffb7713,tests/physics_validation/reference_data/mathavan_2009_high_speed/raw_extracted.csv,sha256:e7825cfb753c8872ae6006fec49d55dad9ded354de42447c29f26b756d22d595
table1_shot_04_object_speed,mathavan_2009_high_speed,1.0.0,spent,mathavan_velocity,table1_shot_04,post_collision_object_speed_cm_s,first_pure_roll_after_event,46.50,1.731,78.7,cm/s,6.363961,Table I row 4,tests/physics_validation/reference_data/mathavan_2009_high_speed/normalized.csv,sha256:c429fc9f3996e194462abfd6e053046b28f87791662df3d09c24f2c19ffb7713,tests/physics_validation/reference_data/mathavan_2009_high_speed/raw_extracted.csv,sha256:e7825cfb753c8872ae6006fec49d55dad9ded354de42447c29f26b756d22d595
table1_shot_05_cue_speed,mathavan_2009_high_speed,1.0.0,spent,mathavan_velocity,table1_shot_05,post_collision_cue_speed_cm_s,first_pure_roll_after_event,18.05,0.942,36.5,cm/s,6.363961,Table I row 5,tests/physics_validation/reference_data/mathavan_2009_high_speed/normalized.csv,sha256:c429fc9f3996e194462abfd6e053046b28f87791662df3d09c24f2c19ffb7713,tests/physics_validation/reference_data/mathavan_2009_high_speed/raw_extracted.csv,sha256:e7825cfb753c8872ae6006fec49d55dad9ded354de42447c29f26b756d22d595
table1_shot_05_object_speed,mathavan_2009_high_speed,1.0.0,spent,mathavan_velocity,table1_shot_05,post_collision_object_speed_cm_s,first_pure_roll_after_event,18.05,0.942,58.1,cm/s,6.363961,Table I row 5,tests/physics_validation/reference_data/mathavan_2009_high_speed/normalized.csv,sha256:c429fc9f3996e194462abfd6e053046b28f87791662df3d09c24f2c19ffb7713,tests/physics_validation/reference_data/mathavan_2009_high_speed/raw_extracted.csv,sha256:e7825cfb753c8872ae6006fec49d55dad9ded354de42447c29f26b756d22d595
transverse_momentum_deficit,sudo_2002,1.0.0,spent,sudo_ball_collision,transverse_momentum_deficit,transverse_momentum_deficit_fraction,immediate_post_impact,30,0.98,0.04,dimensionless,0.01,"PDF p.4 / article p.156, conclusion item 4",tests/physics_validation/reference_data/sudo_2002/normalized.csv,sha256:d520f588ece441234044cf98198eb0807eda1a5b17a0435a57693ba3376bd424,tests/physics_validation/reference_data/sudo_2002/raw_extracted.csv,sha256:ad55353fd502273384ee53d498d465e05c0921c37885351cd0e221c00f979bcf
