case_id,dataset_id,dataset_version,expected,friction_coefficient,incident_speed_m_s,impact_angle_degrees,kinetic_energy_after_j,kinetic_energy_before_j,lifecycle,metric,normal_restitution,normal_impulse_ns,normalized_path,normalized_sha256,normalized_residual,point_id,predicted,raw_extracted_path,raw_extracted_sha256,regime,sample_phase,series_id,source_locator,standard_uncertainty,tangential_impulse_ns,unit,series_mean_squared_normalized_residual
ball_ball_e_head_on,sudo_2002,1.0.0,0.897,0.1,0.98,30.0,0.6041719412797344,0.67228,spent,ball_ball_normal_restitution,0.97,0.8359743222731187,tests/physics_validation/reference_data/sudo_2002/normalized.csv,sha256:d520f588ece441234044cf98198eb0807eda1a5b17a0435a57693ba3376bd424,7.299999999999995,ball_ball_e_head_on,0.97,tests/physics_validation/reference_data/sudo_2002/raw_extracted.csv,sha256:ad55353fd502273384ee53d498d465e05c0921c37885351cd0e221c00f979bcf,sliding,immediate_post_impact,sudo_ball_collision,"PDF p.3 / article p.155, ball-to-ball collision paragraph",0.01,-0.08359743222731188,dimensionless,23.16739033945821
billiard_alpha1_001,domenech_2023_ball_collision,1.0.0,73.81045,0.1,0.8,8.043206,0.3976168202536652,0.44800000000000006,spent,cue_scattering_angle_degrees,0.97,0.780248316796968,tests/physics_validation/reference_data/domenech_2023_ball_collision/normalized.csv,sha256:d04396a53ab1010429fc67405e63bd92759fec7abc0ad1a86e9b395736f1a5ec,11.991193341087145,billiard_alpha1_001,75.24840637066433,tests/physics_validation/reference_data/domenech_2023_ball_collision/raw_extracted.csv,sha256:fd26a8d030d12feee2f0829d1b005af7af523966d568c09d977b106b79a9d74d,sliding,immediate_post_impact,billiard_alpha1,Fig. 6 experimental markers,0.11991770374823729,-0.07802483167969682,degree,234.08979248066544
billiard_alpha1_002,domenech_2023_ball_collision,1.0.0,72.387032,0.1,0.8,9.665953,0.3977858829135829,0.44800000000000006,spent,cue_scattering_angle_degrees,0.97,0.7768130924969583,tests/physics_validation/reference_data/domenech_2023_ball_collision/normalized.csv,sha256:d04396a53ab1010429fc67405e63bd92759fec7abc0ad1a86e9b395736f1a5ec,19.730403915317524,billiard_alpha1_002,74.76304070845923,tests/physics_validation/reference_data/domenech_2023_ball_collision/raw_extracted.csv,sha256:fd26a8d030d12feee2f0829d1b005af7af523966d568c09d977b106b79a9d74d,sliding,immediate_post_impact,billiard_alpha1,Fig. 6 experimental markers,0.12042372364281052,-0.07768130924969584,degree,234.08979248066544
billiard_alpha1_003,domenech_2023_ball_collision,1.0.0,75.164693,0.1,0.8,10.835935,0.3979271650347641,0.44800000000000006,spent,cue_scattering_angle_degrees,0.97,0.7739495935526636,tests/physics_validation/reference_data/domenech_2023_ball_collision/normalized.csv,sha256:d04396a53ab1010429fc67405e63bd92759fec7abc0ad1a86e9b395736f1a5ec,-7.537762240476764,billiard_alpha1_003,74.20555161321361,tests/physics_validation/reference_data/domenech_2023_ball_collision/raw_extracted.csv,sha256:fd26a8d030d12feee2f0829d1b005af7af523966d568c09d977b106b79a9d74d,sliding,immediate_post_impact,billiard_alpha1,Fig. 6 experimental markers,0.12724484484744364,-0.07739495935526636,degree,234.08979248066544
billiard_alpha1_004,domenech_2023_ball_collision,1.0.0,72.460006,0.1,0.8,11.712595,0.3980437084405526,0.44800000000000006,spent,cue_scattering_angle_degrees,0.97,0.7715924290102752,tests/physics_validation/reference_data/domenech_2023_ball_collision/normalized.csv,sha256:d04396a53ab1010429fc67405e63bd92759fec7abc0ad1a86e9b395736f1a5ec,11.360454679045512,billiard_alpha1_004,73.70919376442302,tests/physics_validation/reference_data/domenech_2023_ball_collision/raw_extracted.csv,sha256:fd26a8d030d12feee2f0829d1b005af7af523966d568c09d977b106b79a9d74d,sliding,immediate_post_impact,billiard_alpha1,Fig. 6 experimental markers,0.1099593105835063,-0.07715924290102753,degree,234.08979248066544
billiard_alpha1_005,domenech_2023_ball_collision,1.0.0,73.763332,0.1,0.8,13.626651,0.39833008771635786,0.44800000000000006,spent,cue_scattering_angle_degrees,0.97,0.7658189974619454,tests/physics_validation/reference_data/domenech_2023_ball_collision/normalized.csv,sha256:d04396a53ab1010429fc67405e63bd92759fec7abc0ad1a86e9b395736f1a5ec,-12.813737308280226,billiard_alpha1_005,72.45887520124151,tests/physics_validation/reference_data/domenech_2023_ball_collision/raw_extracted.csv,sha256:fd26a8d030d12feee2f0829d1b005af7af523966d568c09d977b106b79a9d74d,sliding,immediate_post_impact,billiard_alpha1,Fig. 6 experimental markers,0.10180143133694143,-0.07658189974619455,degree,234.08979248066544
billiard_alpha1_006,domenech_2023_ball_collision,1.0.0,71.366279,0.1,0.8,15.359168,0.3986272480234662,0.44800000000000006,spent,cue_scattering_angle_degrees,0.97,0.7598561140713012,tests/physics_validation/reference_data/domenech_2023_ball_collision/normalized.csv,sha256:d04396a53ab1010429fc67405e63bd92759fec7abc0ad1a86e9b395736f1a5ec,-1.6126161402399326,billiard_alpha1_006,71.1877692888194,tests/physics_validation/reference_data/domenech_2023_ball_collision/raw_extracted.csv,sha256:fd26a8d030d12feee2f0829d1b005af7af523966d568c09d977b106b79a9d74d,sliding,immediate_post_impact,billiard_alpha1,Fig. 6 experimental markers,0.1106957240016524,-0.07598561140713012,degree,234.08979248066544
billiard_alpha1_007,domenech_2023_ball_collision,1.0.0,67.507102,0.1,0.8,17.177087,0.3989780699185395,0.44800000000000006,spent,cue_scattering_angle_degrees,0.97,0.7528524747317196,tests/physics_validation/reference_data/domenech_2023_ball_collision/normalized.csv,sha256:d04396a53ab1010429fc67405e63bd92759fec7abc0ad1a86e9b395736f1a5ec,20.55244051162892,billiard_alpha1_007,69.75668899730657,tests/physics_validation/reference_data/domenech_2023_ball_collision/raw_extracted.csv,sha256:fd26a8d030d12feee2f0829d1b005af7af523966d568c09d977b106b79a9d74d,sliding,immediate_post_impact,billiard_alpha1,Fig. 6 experimental markers,0.1094559546849782,-0.07528524747317196,degree,234.08979248066544
billiard_alpha1_008,domenech_2023_ball_collision,1.0.0,70.45535,0.1,0.8,17.182834,0.39897924260725115,0.44800000000000006,spent,cue_scattering_angle_degrees,0.97,0.7528291284927673,tests/physics_validation/reference_data/domenech_2023_ball_collision/normalized.csv,sha256:d04396a53ab1010429fc67405e63bd92759fec7abc0ad1a86e9b395736f1a5ec,-5.884948345645555,billiard_alpha1_008,69.7520394473947,tests/physics_validation/reference_data/domenech_2023_ball_collision/raw_extracted.csv,sha256:fd26a8d030d12feee2f0829d1b005af7af523966d568c09d977b106b79a9d74d,sliding,immediate_post_impact,billiard_alpha1,Fig. 6 experimental markers,0.11951006386074774,-0.07528291284927674,degree,234.08979248066544
billiard_alpha1_009,domenech_2023_ball_collision,1.0.0,68.799862,0.1,0.8,19.118526,0.39939715586310004,0.44800000000000006,spent,cue_scattering_angle_degrees,0.97,0.7445363314584572,tests/physics_validation/reference_data/domenech_2023_ball_collision/normalized.csv,sha256:d04396a53ab1010429fc67405e63bd92759fec7abc0ad1a86e9b395736f1a5ec,-6.4699724311109374,billiard_alpha1_009,68.1498130745419,tests/physics_validation/reference_data/domenech_2023_ball_collision/raw_extracted.csv,sha256:fd26a8d030d12feee2f0829d1b005af7af523966d568c09d977b106b79a9d74d,sliding,immediate_post_impact,billiard_alpha1,Fig. 6 experimental markers,0.10047166852401727,-0.07445363314584573,degree,234.08979248066544
billiard_alpha1_010,domenech_2023_ball_collision,1.0.0,63.842467,0.1,0.8,20.945,0.39983363747588313,0.44800000000000006,spent,cue_scattering_angle_degrees,0.97,0.7359321158204022,tests/physics_validation/reference_data/domenech_2023_ball_collision/normalized.csv,sha256:d04396a53ab1010429fc67405e63bd92759fec7abc0ad1a86e9b395736f1a5ec,27.35539899518535,billiard_alpha1_010,66.58370535331434,tests/physics_validation/reference_data/domenech_2023_ball_collision/raw_extracted.csv,sha256:fd26a8d030d12feee2f0829d1b005af7af523966d568c09d977b106b79a9d74d,sliding,immediate_post_impact,billiard_alpha1,Fig. 6 experimental markers,0.10020831185086396,-0.07359321158204023,degree,234.08979248066544
billiard_alpha1_011,domenech_2023_ball_collision,1.0.0,66.326035,0.1,0.8,22.776647,0.4003127859953423,0.44800000000000006,spent,cue_scattering_angle_degrees,0.97,0.726552564725802,tests/physics_validation/reference_data/domenech_2023_ball_collision/normalized.csv,sha256:d04396a53ab1010429fc67405e63bd92759fec7abc0ad1a86e9b395736f1a5ec,-13.416182801916113,billiard_alpha1_011,64.97319403300126,tests/physics_validation/reference_data/domenech_2023_ball_collision/raw_extracted.csv,sha256:fd26a8d030d12feee2f0829d1b005af7af523966d568c09d977b106b79a9d74d,sliding,immediate_post_impact,billiard_alpha1,Fig. 6 experimental markers,0.10083650371889141,-0.0726552564725802,degree,234.08979248066544
billiard_alpha1_012,domenech_2023_ball_collision,1.0.0,62.888957,0.1,0.8,23.461803,0.4005027504731597,0.44800000000000006,spent,cue_scattering_angle_degrees,0.97,0.722852653169754,tests/physics_validation/reference_data/domenech_2023_ball_collision/normalized.csv,sha256:d04396a53ab1010429fc67405e63bd92759fec7abc0ad1a86e9b395736f1a5ec,6.911632019062311,billiard_alpha1_012,64.36237067261817,tests/physics_validation/reference_data/domenech_2023_ball_collision/raw_extracted.csv,sha256:fd26a8d030d12feee2f0829d1b005af7af523966d568c09d977b106b79a9d74d,sliding,immediate_post_impact,billiard_alpha1,Fig. 6 experimental markers,0.21317883656920542,-0.0722852653169754,degree,234.08979248066544
billiard_alpha1_013,domenech_2023_ball_collision,1.0.0,61.301467,0.1,0.8,24.492633,0.4007996233212616,0.44800000000000006,spent,cue_scattering_angle_degrees,0.97,0.7170914921530641,tests/physics_validation/reference_data/domenech_2023_ball_collision/normalized.csv,sha256:d04396a53ab1010429fc67405e63bd92759fec7abc0ad1a86e9b395736f1a5ec,18.50629840119327,billiard_alpha1_013,63.43601593915732,tests/physics_validation/reference_data/domenech_2023_ball_collision/raw_extracted.csv,sha256:fd26a8d030d12feee2f0829d1b005af7af523966d568c09d977b106b79a9d74d,sliding,immediate_post_impact,billiard_alpha1,Fig. 6 experimental markers,0.11534175516264698,-0.07170914921530641,degree,234.08979248066544
billiard_alpha1_014,domenech_2023_ball_collision,1.0.0,62.890535,0.1,0.8,26.194436,0.40131898263046883,0.44800000000000006,spent,cue_scattering_angle_degrees,0.97,0.7070733772221877,tests/physics_validation/reference_data/domenech_2023_ball_collision/normalized.csv,sha256:d04396a53ab1010429fc67405e63bd92759fec7abc0ad1a86e9b395736f1a5ec,-4.663533701420451,billiard_alpha1_014,61.88986320258147,tests/physics_validation/reference_data/domenech_2023_ball_collision/raw_extracted.csv,sha256:fd26a8d030d12feee2f0829d1b005af7af523966d568c09d977b106b79a9d74d,sliding,immediate_post_impact,billiard_alpha1,Fig. 6 experimental markers,0.21457372488028445,-0.07070733772221877,degree,234.08979248066544
billiard_alpha1_015,domenech_2023_ball_collision,1.0.0,61.358945,0.1,0.8,27.348485,0.4016920322959678,0.44800000000000006,spent,cue_scattering_angle_degrees,0.97,0.699924290290126,tests/physics_validation/reference_data/domenech_2023_ball_collision/normalized.csv,sha256:d04396a53ab1010429fc67405e63bd92759fec7abc0ad1a86e9b395736f1a5ec,-5.278136300525205,billiard_alpha1_015,60.83113136994748,tests/physics_validation/reference_data/domenech_2023_ball_collision/raw_extracted.csv,sha256:fd26a8d030d12feee2f0829d1b005af7af523966d568c09d977b106b79a9d74d,sliding,immediate_post_impact,billiard_alpha1,Fig. 6 experimental markers,0.1,-0.0699924290290126,degree,234.08979248066544
billiard_alpha1_016,domenech_2023_ball_collision,1.0.0,60.268196,0.1,0.8,29.967255,0.40260160792611094,0.44800000000000006,spent,cue_scattering_angle_degrees,0.97,0.6826530808991077,tests/physics_validation/reference_data/domenech_2023_ball_collision/normalized.csv,sha256:d04396a53ab1010429fc67405e63bd92759fec7abc0ad1a86e9b395736f1a5ec,-13.439237417170936,billiard_alpha1_016,58.40357208086103,tests/physics_validation/reference_data/domenech_2023_ball_collision/raw_extracted.csv,sha256:fd26a8d030d12feee2f0829d1b005af7af523966d568c09d977b106b79a9d74d,sliding,immediate_post_impact,billiard_alpha1,Fig. 6 experimental markers,0.13874477109516598,-0.06826530808991077,degree,234.08979248066544
billiard_alpha1_017,domenech_2023_ball_collision,1.0.0,59.285735,0.1,0.8,31.596,0.40321183393742044,0.44800000000000006,spent,cue_scattering_angle_degrees,0.97,0.6711896483894523,tests/physics_validation/reference_data/domenech_2023_ball_collision/normalized.csv,sha256:d04396a53ab1010429fc67405e63bd92759fec7abc0ad1a86e9b395736f1a5ec,-22.13890925697453,billiard_alpha1_017,56.87918708348086,tests/physics_validation/reference_data/domenech_2023_ball_collision/raw_extracted.csv,sha256:fd26a8d030d12feee2f0829d1b005af7af523966d568c09d977b106b79a9d74d,sliding,immediate_post_impact,billiard_alpha1,Fig. 6 experimental markers,0.10870218982269861,-0.06711896483894524,degree,234.08979248066544
billiard_alpha1_018,domenech_2023_ball_collision,1.0.0,56.392093,0.1,0.8,31.897561,0.4033285882031445,0.44800000000000006,spent,cue_scattering_angle_degrees,0.97,0.6690074152030024,tests/physics_validation/reference_data/domenech_2023_ball_collision/normalized.csv,sha256:d04396a53ab1010429fc67405e63bd92759fec7abc0ad1a86e9b395736f1a5ec,2.021746064560259,billiard_alpha1_018,56.59589751300149,tests/physics_validation/reference_data/domenech_2023_ball_collision/raw_extracted.csv,sha256:fd26a8d030d12feee2f0829d1b005af7af523966d568c09d977b106b79a9d74d,sliding,immediate_post_impact,billiard_alpha1,Fig. 6 experimental markers,0.10080618756926582,-0.06690074152030025,degree,234.08979248066544
billiard_alpha1_019,domenech_2023_ball_collision,1.0.0,58.890964,0.1,0.8,33.744839,0.4040696526502645,0.44800000000000006,spent,cue_scattering_angle_degrees,0.97,0.6552374863430139,tests/physics_validation/reference_data/domenech_2023_ball_collision/normalized.csv,sha256:d04396a53ab1010429fc67405e63bd92759fec7abc0ad1a86e9b395736f1a5ec,-40.20230719171814,billiard_alpha1_019,54.85418189579629,tests/physics_validation/reference_data/domenech_2023_ball_collision/raw_extracted.csv,sha256:fd26a8d030d12feee2f0829d1b005af7af523966d568c09d977b106b79a9d74d,sliding,immediate_post_impact,billiard_alpha1,Fig. 6 experimental markers,0.10041170236705482,-0.0655237486343014,degree,234.08979248066544
billiard_alpha1_020,domenech_2023_ball_collision,1.0.0,56.391208,0.1,0.8,35.570041,0.40484577707807157,0.44800000000000006,spent,cue_scattering_angle_degrees,0.97,0.6409631653700298,tests/physics_validation/reference_data/domenech_2023_ball_collision/normalized.csv,sha256:d04396a53ab1010429fc67405e63bd92759fec7abc0ad1a86e9b395736f1a5ec,-32.37629909618073,billiard_alpha1_020,53.123736576185514,tests/physics_validation/reference_data/domenech_2023_ball_collision/raw_extracted.csv,sha256:fd26a8d030d12feee2f0829d1b005af7af523966d568c09d977b106b79a9d74d,sliding,immediate_post_impact,billiard_alpha1,Fig. 6 experimental markers,0.10092170862728198,-0.06409631653700298,degree,234.08979248066544
billiard_alpha1_021,domenech_2023_ball_collision,1.0.0,51.695728,0.1,0.8,36.258394,0.4051498868679696,0.44800000000000006,spent,cue_scattering_angle_degrees,0.97,0.6354100780062298,tests/physics_validation/reference_data/domenech_2023_ball_collision/normalized.csv,sha256:d04396a53ab1010429fc67405e63bd92759fec7abc0ad1a86e9b395736f1a5ec,3.5509137425020407,billiard_alpha1_021,52.46895291965802,tests/physics_validation/reference_data/domenech_2023_ball_collision/raw_extracted.csv,sha256:fd26a8d030d12feee2f0829d1b005af7af523966d568c09d977b106b79a9d74d,sliding,immediate_post_impact,billiard_alpha1,Fig. 6 experimental markers,0.21775378838495554,-0.06354100780062298,degree,234.08979248066544
billiard_alpha1_022,domenech_2023_ball_collision,1.0.0,50.255705,0.1,0.8,37.295548,0.4056199448011033,0.44800000000000006,spent,cue_scattering_angle_degrees,0.97,0.6268702052195864,tests/physics_validation/reference_data/domenech_2023_ball_collision/normalized.csv,sha256:d04396a53ab1010429fc67405e63bd92759fec7abc0ad1a86e9b395736f1a5ec,11.2279538677869,billiard_alpha1_022,51.480350821908914,tests/physics_validation/reference_data/domenech_2023_ball_collision/raw_extracted.csv,sha256:fd26a8d030d12feee2f0829d1b005af7af523966d568c09d977b106b79a9d74d,sliding,immediate_post_impact,billiard_alpha1,Fig. 6 experimental markers,0.10907114834363853,-0.06268702052195864,degree,234.08979248066544
billiard_alpha1_023,domenech_2023_ball_collision,1.0.0,49.056387,0.1,0.8,38.906868,0.40637860055567887,0.44800000000000006,spent,cue_scattering_angle_degrees,0.97,0.6131962811640517,tests/physics_validation/reference_data/domenech_2023_ball_collision/normalized.csv,sha256:d04396a53ab1010429fc67405e63bd92759fec7abc0ad1a86e9b395736f1a5ec,6.80749484728588,billiard_alpha1_023,49.94004156166321,tests/physics_validation/reference_data/domenech_2023_ball_collision/raw_extracted.csv,sha256:fd26a8d030d12feee2f0829d1b005af7af523966d568c09d977b106b79a9d74d,sliding,immediate_post_impact,billiard_alpha1,Fig. 6 experimental markers,0.12980613007963068,-0.06131962811640517,degree,234.08979248066544
billiard_alpha1_024,domenech_2023_ball_collision,1.0.0,46.312922,0.1,0.8,40.106567,0.4069659770178277,0.44800000000000006,spent,cue_scattering_angle_degrees,0.97,0.6026998845037682,tests/physics_validation/reference_data/domenech_2023_ball_collision/normalized.csv,sha256:d04396a53ab1010429fc67405e63bd92759fec7abc0ad1a86e9b395736f1a5ec,19.30290336525656,billiard_alpha1_024,48.79005707801695,tests/physics_validation/reference_data/domenech_2023_ball_collision/raw_extracted.csv,sha256:fd26a8d030d12feee2f0829d1b005af7af523966d568c09d977b106b79a9d74d,sliding,immediate_post_impact,billiard_alpha1,Fig. 6 experimental markers,0.12832966270118534,-0.06026998845037682,degree,234.08979248066544
billiard_alpha1_025,domenech_2023_ball_collision,1.0.0,51.789266,0.1,0.8,40.150665,0.4069879350206981,0.44800000000000006,spent,cue_scattering_angle_degrees,0.97,0.6023089993712502,tests/physics_validation/reference_data/domenech_2023_ball_collision/normalized.csv,sha256:d04396a53ab1010429fc67405e63bd92759fec7abc0ad1a86e9b395736f1a5ec,-29.215969202313875,billiard_alpha1_025,48.747738796753374,tests/physics_validation/reference_data/domenech_2023_ball_collision/raw_extracted.csv,sha256:fd26a8d030d12feee2f0829d1b005af7af523966d568c09d977b106b79a9d74d,sliding,immediate_post_impact,billiard_alpha1,Fig. 6 experimental markers,0.10410495651144572,-0.06023089993712502,degree,234.08979248066544
billiard_alpha1_026,domenech_2023_ball_collision,1.0.0,48.978685,0.1,0.8,40.959997,0.40739556843490377,0.44800000000000006,spent,cue_scattering_angle_degrees,0.97,0.5950719476030252,tests/physics_validation/reference_data/domenech_2023_ball_collision/normalized.csv,sha256:d04396a53ab1010429fc67405e63bd92759fec7abc0ad1a86e9b395736f1a5ec,-8.771439110814423,billiard_alpha1_026,47.970500038408154,tests/physics_validation/reference_data/domenech_2023_ball_collision/raw_extracted.csv,sha256:fd26a8d030d12feee2f0829d1b005af7af523966d568c09d977b106b79a9d74d,sliding,immediate_post_impact,billiard_alpha1,Fig. 6 experimental markers,0.11493951549510727,-0.05950719476030252,degree,234.08979248066544
billiard_alpha1_027,domenech_2023_ball_collision,1.0.0,47.825115,0.1,0.8,42.839383,0.4083761683193169,0.44800000000000006,spent,cue_scattering_angle_degrees,0.97,0.5778109826845463,tests/physics_validation/reference_data/domenech_2023_ball_collision/normalized.csv,sha256:d04396a53ab1010429fc67405e63bd92759fec7abc0ad1a86e9b395736f1a5ec,-12.362377909425067,billiard_alpha1_027,46.16173692948017,tests/physics_validation/reference_data/domenech_2023_ball_collision/raw_extracted.csv,sha256:fd26a8d030d12feee2f0829d1b005af7af523966d568c09d977b106b79a9d74d,sliding,immediate_post_impact,billiard_alpha1,Fig. 6 experimental markers,0.13455162774563525,-0.057781098268454636,degree,234.08979248066544
billiard_alpha1_028,domenech_2023_ball_collision,1.0.0,45.460537,0.1,0.8,43.571678,0.4087711684828177,0.44800000000000006,spent,cue_scattering_angle_degrees,0.97,0.5709159762925579,tests/physics_validation/reference_data/domenech_2023_ball_collision/normalized.csv,sha256:d04396a53ab1010429fc67405e63bd92759fec7abc0ad1a86e9b395736f1a5ec,-0.021860321453105798,billiard_alpha1_028,45.455599765454814,tests/physics_validation/reference_data/domenech_2023_ball_collision/raw_extracted.csv,sha256:fd26a8d030d12feee2f0829d1b005af7af523966d568c09d977b106b79a9d74d,sliding,immediate_post_impact,billiard_alpha1,Fig. 6 experimental markers,0.2258537028277376,-0.05709159762925579,degree,234.08979248066544
billiard_alpha1_029,domenech_2023_ball_collision,1.0.0,43.96789,0.1,0.8,44.727561,0.4094094321165438,0.44800000000000006,spent,cue_scattering_angle_degrees,0.97,0.5598432975964331,tests/physics_validation/reference_data/domenech_2023_ball_collision/normalized.csv,sha256:d04396a53ab1010429fc67405e63bd92759fec7abc0ad1a86e9b395736f1a5ec,3.716952006547558,billiard_alpha1_029,44.33958520065475,tests/physics_validation/reference_data/domenech_2023_ball_collision/raw_extracted.csv,sha256:fd26a8d030d12feee2f0829d1b005af7af523966d568c09d977b106b79a9d74d,sliding,immediate_post_impact,billiard_alpha1,Fig. 6 experimental markers,0.1,-0.05598432975964332,degree,234.08979248066544
billiard_alpha1_030,domenech_2023_ball_collision,1.0.0,43.011738,0.1,0.8,47.220718,0.41084790099509094,0.44800000000000006,spent,cue_scattering_angle_degrees,0.97,0.5351906447383384,tests/physics_validation/reference_data/domenech_2023_ball_collision/normalized.csv,sha256:d04396a53ab1010429fc67405e63bd92759fec7abc0ad1a86e9b395736f1a5ec,-5.286300470290611,billiard_alpha1_030,41.927057804069655,tests/physics_validation/reference_data/domenech_2023_ball_collision/raw_extracted.csv,sha256:fd26a8d030d12feee2f0829d1b005af7af523966d568c09d977b106b79a9d74d,sliding,immediate_post_impact,billiard_alpha1,Fig. 6 experimental markers,0.20518701160222108,-0.053519064473833845,degree,234.08979248066544
billiard_alpha1_031,domenech_2023_ball_collision,1.0.0,39.957422,0.1,0.8,48.128668,0.4113927753693999,0.44800000000000006,spent,cue_scattering_angle_degrees,0.97,0.5259585232385678,tests/physics_validation/reference_data/domenech_2023_ball_collision/normalized.csv,sha256:d04396a53ab1010429fc67405e63bd92759fec7abc0ad1a86e9b395736f1a5ec,5.039327715462407,billiard_alpha1_031,41.04682557328784,tests/physics_validation/reference_data/domenech_2023_ball_collision/raw_extracted.csv,sha256:fd26a8d030d12feee2f0829d1b005af7af523966d568c09d977b106b79a9d74d,sliding,immediate_post_impact,billiard_alpha1,Fig. 6 experimental markers,0.21618033888631039,-0.05259585232385679,degree,234.08979248066544
billiard_alpha1_032,domenech_2023_ball_collision,1.0.0,41.483431,0.1,0.8,49.014459,0.41193518169619187,0.44800000000000006,spent,cue_scattering_angle_degrees,0.97,0.5168244187699933,tests/physics_validation/reference_data/domenech_2023_ball_collision/normalized.csv,sha256:d04396a53ab1010429fc67405e63bd92759fec7abc0ad1a86e9b395736f1a5ec,-12.925968929222401,billiard_alpha1_032,40.18730457659843,tests/physics_validation/reference_data/domenech_2023_ball_collision/raw_extracted.csv,sha256:fd26a8d030d12feee2f0829d1b005af7af523966d568c09d977b106b79a9d74d,sliding,immediate_post_impact,billiard_alpha1,Fig. 6 experimental markers,0.10027305732349046,-0.05168244187699933,degree,234.08979248066544
billiard_alpha1_033,domenech_2023_ball_collision,1.0.0,41.484605,0.1,0.8,51.104769,0.4132575922473666,0.44800000000000006,spent,cue_scattering_angle_degrees,0.97,0.4947838435357413,tests/physics_validation/reference_data/domenech_2023_ball_collision/normalized.csv,sha256:d04396a53ab1010429fc67405e63bd92759fec7abc0ad1a86e9b395736f1a5ec,-33.21979883107731,billiard_alpha1_033,38.15620212216439,tests/physics_validation/reference_data/domenech_2023_ball_collision/raw_extracted.csv,sha256:fd26a8d030d12feee2f0829d1b005af7af523966d568c09d977b106b79a9d74d,sliding,immediate_post_impact,billiard_alpha1,Fig. 6 experimental markers,0.10019334839324416,-0.04947838435357413,degree,234.08979248066544
billiard_alpha1_034,domenech_2023_ball_collision,1.0.0,35.382378,0.1,0.8,51.708166,0.4136504099877904,0.44800000000000006,spent,cue_scattering_angle_degrees,0.97,0.48829773496982165,tests/physics_validation/reference_data/domenech_2023_ball_collision/normalized.csv,sha256:d04396a53ab1010429fc67405e63bd92759fec7abc0ad1a86e9b395736f1a5ec,16.727197866914146,billiard_alpha1_034,37.5692203133351,tests/physics_validation/reference_data/domenech_2023_ball_collision/raw_extracted.csv,sha256:fd26a8d030d12feee2f0829d1b005af7af523966d568c09d977b106b79a9d74d,sliding,immediate_post_impact,billiard_alpha1,Fig. 6 experimental markers,0.13073572338500292,-0.04882977349698217,degree,234.08979248066544
billiard_alpha1_035,domenech_2023_ball_collision,1.0.0,38.121393,0.1,0.8,52.008524,0.41384779689283113,0.44800000000000006,spent,cue_scattering_angle_degrees,0.97,0.48504885693024447,tests/physics_validation/reference_data/domenech_2023_ball_collision/normalized.csv,sha256:d04396a53ab1010429fc67405e63bd92759fec7abc0ad1a86e9b395736f1a5ec,-8.35031377945832,billiard_alpha1_035,37.27692726818588,tests/physics_validation/reference_data/domenech_2023_ball_collision/raw_extracted.csv,sha256:fd26a8d030d12feee2f0829d1b005af7af523966d568c09d977b106b79a9d74d,sliding,immediate_post_impact,billiard_alpha1,Fig. 6 experimental markers,0.10112982028190301,-0.04850488569302445,degree,234.08979248066544
billiard_alpha1_036,domenech_2023_ball_collision,1.0.0,35.670009,0.1,0.8,53.85763,0.41509005457734227,0.44800000000000006,spent,cue_scattering_angle_degrees,0.97,0.4647574367718114,tests/physics_validation/reference_data/domenech_2023_ball_collision/normalized.csv,sha256:d04396a53ab1010429fc67405e63bd92759fec7abc0ad1a86e9b395736f1a5ec,-1.9292745764631176,billiard_alpha1_036,35.47599968643609,tests/physics_validation/reference_data/domenech_2023_ball_collision/raw_extracted.csv,sha256:fd26a8d030d12feee2f0829d1b005af7af523966d568c09d977b106b79a9d74d,sliding,immediate_post_impact,billiard_alpha1,Fig. 6 experimental markers,0.10056075787801125,-0.046475743677181144,degree,234.08979248066544
billiard_alpha1_037,domenech_2023_ball_collision,1.0.0,32.940616,0.1,0.8,56.552354,0.4169836279165126,0.44800000000000006,spent,cue_scattering_angle_degrees,0.97,0.43432573617572096,tests/physics_validation/reference_data/domenech_2023_ball_collision/normalized.csv,sha256:d04396a53ab1010429fc67405e63bd92759fec7abc0ad1a86e9b395736f1a5ec,-0.7715115670922681,billiard_alpha1_037,32.84735655684015,tests/physics_validation/reference_data/domenech_2023_ball_collision/raw_extracted.csv,sha256:fd26a8d030d12feee2f0829d1b005af7af523966d568c09d977b106b79a9d74d,sliding,immediate_post_impact,billiard_alpha1,Fig. 6 experimental markers,0.12087886577168898,-0.0434325736175721,degree,234.08979248066544
billiard_alpha1_038,domenech_2023_ball_collision,1.0.0,30.295704,0.1,0.8,57.529459,0.4176945233460349,0.44800000000000006,spent,cue_scattering_angle_degrees,0.97,0.4230503308667605,tests/physics_validation/reference_data/domenech_2023_ball_collision/normalized.csv,sha256:d04396a53ab1010429fc67405e63bd92759fec7abc0ad1a86e9b395736f1a5ec,15.965652537140548,billiard_alpha1_038,31.89312444854983,tests/physics_validation/reference_data/domenech_2023_ball_collision/raw_extracted.csv,sha256:fd26a8d030d12feee2f0829d1b005af7af523966d568c09d977b106b79a9d74d,sliding,immediate_post_impact,billiard_alpha1,Fig. 6 experimental markers,0.10005356466538312,-0.042305033086676054,degree,234.08979248066544
billiard_alpha1_039,domenech_2023_ball_collision,1.0.0,29.054943,0.1,0.8,60.267976,0.4197553519478825,0.44800000000000006,spent,cue_scattering_angle_degrees,0.97,0.39080394309820904,tests/physics_validation/reference_data/domenech_2023_ball_collision/normalized.csv,sha256:d04396a53ab1010429fc67405e63bd92759fec7abc0ad1a86e9b395736f1a5ec,1.6102547946057701,billiard_alpha1_039,29.215977254594826,tests/physics_validation/reference_data/domenech_2023_ball_collision/raw_extracted.csv,sha256:fd26a8d030d12feee2f0829d1b005af7af523966d568c09d977b106b79a9d74d,sliding,immediate_post_impact,billiard_alpha1,Fig. 6 experimental markers,0.10000544953151304,-0.03908039430982091,degree,234.08979248066544
billiard_alpha1_040,domenech_2023_ball_collision,1.0.0,27.817729,0.1,0.8,63.0014,0.4219119571585013,0.44800000000000006,spent,cue_scattering_angle_degrees,0.97,0.3577273578275227,tests/physics_validation/reference_data/domenech_2023_ball_collision/normalized.csv,sha256:d04396a53ab1010429fc67405e63bd92759fec7abc0ad1a86e9b395736f1a5ec,-12.77138089301679,billiard_alpha1_040,26.540234699894572,tests/physics_validation/reference_data/domenech_2023_ball_collision/raw_extracted.csv,sha256:fd26a8d030d12feee2f0829d1b005af7af523966d568c09d977b106b79a9d74d,sliding,immediate_post_impact,billiard_alpha1,Fig. 6 experimental markers,0.10002789133036846,-0.03577273578275227,degree,234.08979248066544
billiard_alpha1_041,domenech_2023_ball_collision,1.0.0,24.038148,0.1,0.8,63.096032,0.4219883840149482,0.44800000000000006,spent,cue_scattering_angle_degrees,0.97,0.3565672178601384,tests/physics_validation/reference_data/domenech_2023_ball_collision/normalized.csv,sha256:d04396a53ab1010429fc67405e63bd92759fec7abc0ad1a86e9b395736f1a5ec,20.512105837389324,billiard_alpha1_041,26.447541941758253,tests/physics_validation/reference_data/domenech_2023_ball_collision/raw_extracted.csv,sha256:fd26a8d030d12feee2f0829d1b005af7af523966d568c09d977b106b79a9d74d,sliding,immediate_post_impact,billiard_alpha1,Fig. 6 experimental markers,0.11746204708862348,-0.03565672178601384,degree,234.08979248066544
billiard_alpha1_042,domenech_2023_ball_collision,1.0.0,22.990182,0.1,0.8,65.688823,0.42412776796923735,0.44800000000000006,spent,cue_scattering_angle_degrees,0.97,0.3244134088248798,tests/physics_validation/reference_data/domenech_2023_ball_collision/normalized.csv,sha256:d04396a53ab1010429fc67405e63bd92759fec7abc0ad1a86e9b395736f1a5ec,7.248585608396169,billiard_alpha1_042,23.906521602218763,tests/physics_validation/reference_data/domenech_2023_ball_collision/raw_extracted.csv,sha256:fd26a8d030d12feee2f0829d1b005af7af523966d568c09d977b106b79a9d74d,sliding,immediate_post_impact,billiard_alpha1,Fig. 6 experimental markers,0.12641633164370022,-0.03244134088248798,degree,234.08979248066544
billiard_alpha1_043,domenech_2023_ball_collision,1.0.0,20.753007,0.1,0.8,66.658336,0.42495002612917654,0.44800000000000006,spent,cue_scattering_angle_degrees,0.97,0.3122160553696251,tests/physics_validation/reference_data/domenech_2023_ball_collision/normalized.csv,sha256:d04396a53ab1010429fc67405e63bd92759fec7abc0ad1a86e9b395736f1a5ec,21.964038319530317,billiard_alpha1_043,22.955734930094547,tests/physics_validation/reference_data/domenech_2023_ball_collision/raw_extracted.csv,sha256:fd26a8d030d12feee2f0829d1b005af7af523966d568c09d977b106b79a9d74d,sliding,immediate_post_impact,billiard_alpha1,Fig. 6 experimental markers,0.10028792966254714,-0.031221605536962512,degree,234.08979248066544
billiard_alpha1_044,domenech_2023_ball_collision,1.0.0,20.370678,0.1,0.8,69.391627,0.42733226732968954,0.44800000000000006,spent,cue_scattering_angle_degrees,0.97,0.27735900838367106,tests/physics_validation/reference_data/domenech_2023_ball_collision/normalized.csv,sha256:d04396a53ab1010429fc67405e63bd92759fec7abc0ad1a86e9b395736f1a5ec,-0.9622039890010136,billiard_alpha1_044,20.273585266522737,tests/physics_validation/reference_data/domenech_2023_ball_collision/raw_extracted.csv,sha256:fd26a8d030d12feee2f0829d1b005af7af523966d568c09d977b106b79a9d74d,sliding,immediate_post_impact,billiard_alpha1,Fig. 6 experimental markers,0.10090660045804735,-0.027735900838367106,degree,234.08979248066544
billiard_alpha1_045,domenech_2023_ball_collision,1.0.0,18.815298,0.1,0.8,70.546807,0.42836705686558363,0.44800000000000006,spent,cue_scattering_angle_degrees,0.97,0.2624328958918761,tests/physics_validation/reference_data/domenech_2023_ball_collision/normalized.csv,sha256:d04396a53ab1010429fc67405e63bd92759fec7abc0ad1a86e9b395736f1a5ec,1.604092173000544,billiard_alpha1_045,19.139348057126007,tests/physics_validation/reference_data/domenech_2023_ball_collision/raw_extracted.csv,sha256:fd26a8d030d12feee2f0829d1b005af7af523966d568c09d977b106b79a9d74d,sliding,immediate_post_impact,billiard_alpha1,Fig. 6 experimental markers,0.2020146114919661,-0.026243289589187608,degree,234.08979248066544
billiard_alpha1_046,domenech_2023_ball_collision,1.0.0,20.654575,0.1,0.8,71.566311,0.42929385866660563,0.44800000000000006,spent,cue_scattering_angle_degrees,0.97,0.2491710421147815,tests/physics_validation/reference_data/domenech_2023_ball_collision/normalized.csv,sha256:d04396a53ab1010429fc67405e63bd92759fec7abc0ad1a86e9b395736f1a5ec,-12.917735489394946,billiard_alpha1_046,18.138024771524098,tests/physics_validation/reference_data/domenech_2023_ball_collision/raw_extracted.csv,sha256:fd26a8d030d12feee2f0829d1b005af7af523966d568c09d977b106b79a9d74d,sliding,immediate_post_impact,billiard_alpha1,Fig. 6 experimental markers,0.1948135747586651,-0.02491710421147815,degree,234.08979248066544
billiard_alpha1_047,domenech_2023_ball_collision,1.0.0,18.098242,0.1,0.8,72.28702,0.4299566044542484,0.44800000000000006,spent,cue_scattering_angle_degrees,0.97,0.2397481116196857,tests/physics_validation/reference_data/domenech_2023_ball_collision/normalized.csv,sha256:d04396a53ab1010429fc67405e63bd92759fec7abc0ad1a86e9b395736f1a5ec,-5.554172533612076,billiard_alpha1_047,17.430006144254946,tests/physics_validation/reference_data/domenech_2023_ball_collision/raw_extracted.csv,sha256:fd26a8d030d12feee2f0829d1b005af7af523966d568c09d977b106b79a9d74d,sliding,immediate_post_impact,billiard_alpha1,Fig. 6 experimental markers,0.12031240507944307,-0.023974811161968573,degree,234.08979248066544
billiard_delta2_001,domenech_2023_ball_collision,1.0.0,0.990626,0.1,0.8,7.71666,0.39758656766537004,0.44800000000000006,spent,object_normal_deflection_angle_degrees,0.97,0.7808640283478412,tests/physics_validation/reference_data/domenech_2023_ball_collision/normalized.csv,sha256:d04396a53ab1010429fc67405e63bd92759fec7abc0ad1a86e9b395736f1a5ec,-2.211732629928175,billiard_delta2_001,0.7692890082773532,tests/physics_validation/reference_data/domenech_2023_ball_collision/raw_extracted.csv,sha256:fd26a8d030d12feee2f0829d1b005af7af523966d568c09d977b106b79a9d74d,sliding,immediate_post_impact,billiard_delta2,Fig. 5 experimental markers,0.10007402736099913,-0.07808640283478413,degree,44.48217111408977
billiard_delta2_002,domenech_2023_ball_collision,1.0.0,0.945214,0.1,0.8,9.749083,0.39779538441503737,0.44800000000000006,spent,object_normal_deflection_angle_degrees,0.97,0.7766203102199427,tests/physics_validation/reference_data/domenech_2023_ball_collision/normalized.csv,sha256:d04396a53ab1010429fc67405e63bd92759fec7abc0ad1a86e9b395736f1a5ec,0.24340838043200763,billiard_delta2_002,0.9701180911888885,tests/physics_validation/reference_data/domenech_2023_ball_collision/raw_extracted.csv,sha256:fd26a8d030d12feee2f0829d1b005af7af523966d568c09d977b106b79a9d74d,sliding,immediate_post_impact,billiard_delta2,Fig. 5 experimental markers,0.10231402528001722,-0.07766203102199427,degree,44.48217111408977
billiard_delta2_003,domenech_2023_ball_collision,1.0.0,1.697166,0.1,0.8,10.599396,0.39789728844851,0.44800000000000006,spent,object_normal_deflection_angle_degrees,0.97,0.7745545831577085,tests/physics_validation/reference_data/domenech_2023_ball_collision/normalized.csv,sha256:d04396a53ab1010429fc67405e63bd92759fec7abc0ad1a86e9b395736f1a5ec,-6.3873439000131516,billiard_delta2_003,1.0537853970252495,tests/physics_validation/reference_data/domenech_2023_ball_collision/raw_extracted.csv,sha256:fd26a8d030d12feee2f0829d1b005af7af523966d568c09d977b106b79a9d74d,sliding,immediate_post_impact,billiard_delta2,Fig. 5 experimental markers,0.1007274092402361,-0.07745545831577086,degree,44.48217111408977
billiard_delta2_004,domenech_2023_ball_collision,1.0.0,1.341788,0.1,0.8,12.407309,0.39814258003430947,0.44800000000000006,spent,object_normal_deflection_angle_degrees,0.97,0.7695961634196048,tests/physics_validation/reference_data/domenech_2023_ball_collision/normalized.csv,sha256:d04396a53ab1010429fc67405e63bd92759fec7abc0ad1a86e9b395736f1a5ec,-1.09558082879322,billiard_delta2_004,1.230867249903796,tests/physics_validation/reference_data/domenech_2023_ball_collision/raw_extracted.csv,sha256:fd26a8d030d12feee2f0829d1b005af7af523966d568c09d977b106b79a9d74d,sliding,immediate_post_impact,billiard_delta2,Fig. 5 experimental markers,0.10124378519691962,-0.07695961634196048,degree,44.48217111408977
billiard_delta2_005,domenech_2023_ball_collision,1.0.0,0.991,0.1,0.8,14.29432,0.39844032353892006,0.44800000000000006,spent,object_normal_deflection_angle_degrees,0.97,0.763603687701086,tests/physics_validation/reference_data/domenech_2023_ball_collision/normalized.csv,sha256:d04396a53ab1010429fc67405e63bd92759fec7abc0ad1a86e9b395736f1a5ec,4.231069456924674,billiard_delta2_005,1.4143623326573522,tests/physics_validation/reference_data/domenech_2023_ball_collision/raw_extracted.csv,sha256:fd26a8d030d12feee2f0829d1b005af7af523966d568c09d977b106b79a9d74d,sliding,immediate_post_impact,billiard_delta2,Fig. 5 experimental markers,0.1000603599084073,-0.0763603687701086,degree,44.48217111408977
billiard_delta2_006,domenech_2023_ball_collision,1.0.0,2.017206,0.1,0.8,14.947646,0.39855338708884464,0.44800000000000006,spent,object_normal_deflection_angle_degrees,0.97,0.7613355920385345,tests/physics_validation/reference_data/domenech_2023_ball_collision/normalized.csv,sha256:d04396a53ab1010429fc67405e63bd92759fec7abc0ad1a86e9b395736f1a5ec,-5.396566051947577,billiard_delta2_006,1.477538651401502,tests/physics_validation/reference_data/domenech_2023_ball_collision/raw_extracted.csv,sha256:fd26a8d030d12feee2f0829d1b005af7af523966d568c09d977b106b79a9d74d,sliding,immediate_post_impact,billiard_delta2,Fig. 5 experimental markers,0.10000199078518389,-0.07613355920385345,degree,44.48217111408977
billiard_delta2_007,domenech_2023_ball_collision,1.0.0,1.93753,0.1,0.8,16.799788,0.3989019602910046,0.44800000000000006,spent,object_normal_deflection_angle_degrees,0.97,0.7543686067735358,tests/physics_validation/reference_data/domenech_2023_ball_collision/normalized.csv,sha256:d04396a53ab1010429fc67405e63bd92759fec7abc0ad1a86e9b395736f1a5ec,-2.5077149931467946,billiard_delta2_007,1.6555490179721961,tests/physics_validation/reference_data/domenech_2023_ball_collision/raw_extracted.csv,sha256:fd26a8d030d12feee2f0829d1b005af7af523966d568c09d977b106b79a9d74d,sliding,immediate_post_impact,billiard_delta2,Fig. 5 experimental markers,0.11244538665614522,-0.07543686067735358,degree,44.48217111408977
billiard_delta2_008,domenech_2023_ball_collision,1.0.0,2.364035,0.1,0.8,17.938982,0.39913704603518496,0.44800000000000006,spent,object_normal_deflection_angle_degrees,0.97,0.749691434527033,tests/physics_validation/reference_data/domenech_2023_ball_collision/normalized.csv,sha256:d04396a53ab1010429fc67405e63bd92759fec7abc0ad1a86e9b395736f1a5ec,-5.997204974928895,billiard_delta2_008,1.7641750689398064,tests/physics_validation/reference_data/domenech_2023_ball_collision/raw_extracted.csv,sha256:fd26a8d030d12feee2f0829d1b005af7af523966d568c09d977b106b79a9d74d,sliding,immediate_post_impact,billiard_delta2,Fig. 5 experimental markers,0.10002324975849365,-0.07496914345270331,degree,44.48217111408977
billiard_delta2_009,domenech_2023_ball_collision,1.0.0,1.681394,0.1,0.8,19.731645,0.3995390964196883,0.44800000000000006,spent,object_normal_deflection_angle_degrees,0.97,0.7417319656213925,tests/physics_validation/reference_data/domenech_2023_ball_collision/normalized.csv,sha256:d04396a53ab1010429fc67405e63bd92759fec7abc0ad1a86e9b395736f1a5ec,2.5209261050271823,billiard_delta2_009,1.933658085083934,tests/physics_validation/reference_data/domenech_2023_ball_collision/raw_extracted.csv,sha256:fd26a8d030d12feee2f0829d1b005af7af523966d568c09d977b106b79a9d74d,sliding,immediate_post_impact,billiard_delta2,Fig. 5 experimental markers,0.10006802047107757,-0.07417319656213926,degree,44.48217111408977
billiard_delta2_010,domenech_2023_ball_collision,1.0.0,2.72421,0.1,0.8,20.567229,0.3997399866102733,0.44800000000000006,spent,object_normal_deflection_angle_degrees,0.97,0.7377733706217365,tests/physics_validation/reference_data/domenech_2023_ball_collision/normalized.csv,sha256:d04396a53ab1010429fc67405e63bd92759fec7abc0ad1a86e9b395736f1a5ec,-7.0209519117807275,billiard_delta2_010,2.012008819091321,tests/physics_validation/reference_data/domenech_2023_ball_collision/raw_extracted.csv,sha256:fd26a8d030d12feee2f0829d1b005af7af523966d568c09d977b106b79a9d74d,sliding,immediate_post_impact,billiard_delta2,Fig. 5 experimental markers,0.10143940449352018,-0.07377733706217365,degree,44.48217111408977
billiard_delta2_011,domenech_2023_ball_collision,1.0.0,2.360688,0.1,0.8,22.219341,0.4001625863544371,0.44800000000000006,spent,object_normal_deflection_angle_degrees,0.97,0.7294854734127745,tests/physics_validation/reference_data/domenech_2023_ball_collision/normalized.csv,sha256:d04396a53ab1010429fc67405e63bd92759fec7abc0ad1a86e9b395736f1a5ec,-1.9504722265902128,billiard_delta2_011,2.165626955904338,tests/physics_validation/reference_data/domenech_2023_ball_collision/raw_extracted.csv,sha256:fd26a8d030d12feee2f0829d1b005af7af523966d568c09d977b106b79a9d74d,sliding,immediate_post_impact,billiard_delta2,Fig. 5 experimental markers,0.10000708620017884,-0.07294854734127745,degree,44.48217111408977
billiard_delta2_012,domenech_2023_ball_collision,1.0.0,2.326433,0.1,0.8,23.988505,0.40065277304342267,0.44800000000000006,spent,object_normal_deflection_angle_degrees,0.97,0.7199381083385054,tests/physics_validation/reference_data/domenech_2023_ball_collision/normalized.csv,sha256:d04396a53ab1010429fc67405e63bd92759fec7abc0ad1a86e9b395736f1a5ec,0.016264079409652743,billiard_delta2_012,2.3280970296752157,tests/physics_validation/reference_data/domenech_2023_ball_collision/raw_extracted.csv,sha256:fd26a8d030d12feee2f0829d1b005af7af523966d568c09d977b106b79a9d74d,sliding,immediate_post_impact,billiard_delta2,Fig. 5 experimental markers,0.10231317944917948,-0.07199381083385054,degree,44.48217111408977
billiard_delta2_013,domenech_2023_ball_collision,1.0.0,3.0892,0.1,0.8,25.157919,0.4009983078034848,0.44800000000000006,spent,object_normal_deflection_angle_degrees,0.97,0.713249944006158,tests/physics_validation/reference_data/domenech_2023_ball_collision/normalized.csv,sha256:d04396a53ab1010429fc67405e63bd92759fec7abc0ad1a86e9b395736f1a5ec,-6.3840993992582975,billiard_delta2_013,2.4342616677078563,tests/physics_validation/reference_data/domenech_2023_ball_collision/raw_extracted.csv,sha256:fd26a8d030d12feee2f0829d1b005af7af523966d568c09d977b106b79a9d74d,sliding,immediate_post_impact,billiard_delta2,Fig. 5 experimental markers,0.10258899358118298,-0.07132499440061581,degree,44.48217111408977
billiard_delta2_014,domenech_2023_ball_collision,1.0.0,2.348309,0.1,0.8,25.995068,0.4012562477233075,0.44800000000000006,spent,object_normal_deflection_angle_degrees,0.97,0.7082794409057359,tests/physics_validation/reference_data/domenech_2023_ball_collision/normalized.csv,sha256:d04396a53ab1010429fc67405e63bd92759fec7abc0ad1a86e9b395736f1a5ec,1.5985814045190507,billiard_delta2_014,2.50963217186175,tests/physics_validation/reference_data/domenech_2023_ball_collision/raw_extracted.csv,sha256:fd26a8d030d12feee2f0829d1b005af7af523966d568c09d977b106b79a9d74d,sliding,immediate_post_impact,billiard_delta2,Fig. 5 experimental markers,0.10091645718241402,-0.0708279440905736,degree,44.48217111408977
billiard_delta2_015,domenech_2023_ball_collision,1.0.0,2.707698,0.1,0.8,27.634272,0.40178703023842893,0.44800000000000006,spent,object_normal_deflection_angle_degrees,0.97,0.6981099211719842,tests/physics_validation/reference_data/domenech_2023_ball_collision/normalized.csv,sha256:d04396a53ab1010429fc67405e63bd92759fec7abc0ad1a86e9b395736f1a5ec,-0.5207313600633804,billiard_delta2_015,2.6556241721018496,tests/physics_validation/reference_data/domenech_2023_ball_collision/raw_extracted.csv,sha256:fd26a8d030d12feee2f0829d1b005af7af523966d568c09d977b106b79a9d74d,sliding,immediate_post_impact,billiard_delta2,Fig. 5 experimental markers,0.10000132869242288,-0.06981099211719842,degree,44.48217111408977
billiard_delta2_016,domenech_2023_ball_collision,1.0.0,1.681073,0.1,0.8,27.918052,0.40188239153015054,0.44800000000000006,spent,object_normal_deflection_angle_degrees,0.97,0.6962911077635845,tests/physics_validation/reference_data/domenech_2023_ball_collision/normalized.csv,sha256:d04396a53ab1010429fc67405e63bd92759fec7abc0ad1a86e9b395736f1a5ec,9.988023602046859,billiard_delta2_016,2.680677879644064,tests/physics_validation/reference_data/domenech_2023_ball_collision/raw_extracted.csv,sha256:fd26a8d030d12feee2f0829d1b005af7af523966d568c09d977b106b79a9d74d,sliding,immediate_post_impact,billiard_delta2,Fig. 5 experimental markers,0.1000803481721062,-0.06962911077635846,degree,44.48217111408977
billiard_delta2_017,domenech_2023_ball_collision,1.0.0,3.510181,0.1,0.8,29.40971,0.4024005859940231,0.44800000000000006,spent,object_normal_deflection_angle_degrees,0.97,0.6864509162898711,tests/physics_validation/reference_data/domenech_2023_ball_collision/normalized.csv,sha256:d04396a53ab1010429fc67405e63bd92759fec7abc0ad1a86e9b395736f1a5ec,-6.904577560818087,billiard_delta2_017,2.811259072170504,tests/physics_validation/reference_data/domenech_2023_ball_collision/raw_extracted.csv,sha256:fd26a8d030d12feee2f0829d1b005af7af523966d568c09d977b106b79a9d74d,sliding,immediate_post_impact,billiard_delta2,Fig. 5 experimental markers,0.10122587829206522,-0.06864509162898712,degree,44.48217111408977
billiard_delta2_018,domenech_2023_ball_collision,1.0.0,2.706183,0.1,0.8,29.718892,0.4025115668046135,0.44800000000000006,spent,object_normal_deflection_angle_degrees,0.97,0.6843528634488721,tests/physics_validation/reference_data/domenech_2023_ball_collision/normalized.csv,sha256:d04396a53ab1010429fc67405e63bd92759fec7abc0ad1a86e9b395736f1a5ec,1.318968767158209,billiard_delta2_018,2.8380864582123593,tests/physics_validation/reference_data/domenech_2023_ball_collision/raw_extracted.csv,sha256:fd26a8d030d12feee2f0829d1b005af7af523966d568c09d977b106b79a9d74d,sliding,immediate_post_impact,billiard_delta2,Fig. 5 experimental markers,0.10000498988050548,-0.06843528634488721,degree,44.48217111408977
billiard_delta2_019,domenech_2023_ball_collision,1.0.0,3.396054,0.1,0.8,31.262992,0.4030842761669585,0.44800000000000006,spent,object_normal_deflection_angle_degrees,0.97,0.6735778415865221,tests/physics_validation/reference_data/domenech_2023_ball_collision/normalized.csv,sha256:d04396a53ab1010429fc67405e63bd92759fec7abc0ad1a86e9b395736f1a5ec,-4.251926268050368,billiard_delta2_019,2.970797307955497,tests/physics_validation/reference_data/domenech_2023_ball_collision/raw_extracted.csv,sha256:fd26a8d030d12feee2f0829d1b005af7af523966d568c09d977b106b79a9d74d,sliding,immediate_post_impact,billiard_delta2,Fig. 5 experimental markers,0.1000150673448756,-0.06735778415865222,degree,44.48217111408977
billiard_delta2_020,domenech_2023_ball_collision,1.0.0,2.016322,0.1,0.8,31.542543,0.4031912604304846,0.44800000000000006,spent,object_normal_deflection_angle_degrees,0.97,0.6715745492898826,tests/physics_validation/reference_data/domenech_2023_ball_collision/normalized.csv,sha256:d04396a53ab1010429fc67405e63bd92759fec7abc0ad1a86e9b395736f1a5ec,9.782679560772086,billiard_delta2_020,2.994593074607057,tests/physics_validation/reference_data/domenech_2023_ball_collision/raw_extracted.csv,sha256:fd26a8d030d12feee2f0829d1b005af7af523966d568c09d977b106b79a9d74d,sliding,immediate_post_impact,billiard_delta2,Fig. 5 experimental markers,0.1000003187807419,-0.06715745492898827,degree,44.48217111408977
billiard_delta2_021,domenech_2023_ball_collision,1.0.0,3.358444,0.1,0.8,33.315133,0.4038932910988844,0.44800000000000006,spent,object_normal_deflection_angle_degrees,0.97,0.6585019112642796,tests/physics_validation/reference_data/domenech_2023_ball_collision/normalized.csv,sha256:d04396a53ab1010429fc67405e63bd92759fec7abc0ad1a86e9b395736f1a5ec,-2.079955274551327,billiard_delta2_021,3.143775029921429,tests/physics_validation/reference_data/domenech_2023_ball_collision/raw_extracted.csv,sha256:fd26a8d030d12feee2f0829d1b005af7af523966d568c09d977b106b79a9d74d,sliding,immediate_post_impact,billiard_delta2,Fig. 5 experimental markers,0.10320845486683734,-0.06585019112642797,degree,44.48217111408977
billiard_delta2_022,domenech_2023_ball_collision,1.0.0,4.101753,0.1,0.8,34.138792,0.40423346625224477,0.44800000000000006,spent,object_normal_deflection_angle_degrees,0.97,0.6522122854432381,tests/physics_validation/reference_data/domenech_2023_ball_collision/normalized.csv,sha256:d04396a53ab1010429fc67405e63bd92759fec7abc0ad1a86e9b395736f1a5ec,-8.818564913896983,billiard_delta2_022,3.212067044201901,tests/physics_validation/reference_data/domenech_2023_ball_collision/raw_extracted.csv,sha256:fd26a8d030d12feee2f0829d1b005af7af523966d568c09d977b106b79a9d74d,sliding,immediate_post_impact,billiard_delta2,Fig. 5 experimental markers,0.1008878388360064,-0.06522122854432381,degree,44.48217111408977
billiard_delta2_023,domenech_2023_ball_collision,1.0.0,3.728081,0.1,0.8,35.955875,0.4050154644129894,0.44800000000000006,spent,object_normal_deflection_angle_degrees,0.97,0.6378619056679345,tests/physics_validation/reference_data/domenech_2023_ball_collision/normalized.csv,sha256:d04396a53ab1010429fc67405e63bd92759fec7abc0ad1a86e9b395736f1a5ec,-3.636726608584194,billiard_delta2_023,3.360332493948554,tests/physics_validation/reference_data/domenech_2023_ball_collision/raw_extracted.csv,sha256:fd26a8d030d12feee2f0829d1b005af7af523966d568c09d977b106b79a9d74d,sliding,immediate_post_impact,billiard_delta2,Fig. 5 experimental markers,0.10112074555821868,-0.06378619056679345,degree,44.48217111408977
billiard_delta2_024,domenech_2023_ball_collision,1.0.0,2.954959,0.1,0.8,36.052,0.4050580457372912,0.44800000000000006,spent,object_normal_deflection_angle_degrees,0.97,0.6370847649782867,tests/physics_validation/reference_data/domenech_2023_ball_collision/normalized.csv,sha256:d04396a53ab1010429fc67405e63bd92759fec7abc0ad1a86e9b395736f1a5ec,4.131083405568288,billiard_delta2_024,3.368082001640773,tests/physics_validation/reference_data/domenech_2023_ball_collision/raw_extracted.csv,sha256:fd26a8d030d12feee2f0829d1b005af7af523966d568c09d977b106b79a9d74d,sliding,immediate_post_impact,billiard_delta2,Fig. 5 experimental markers,0.10000354896827414,-0.06370847649782867,degree,44.48217111408977
billiard_delta2_025,domenech_2023_ball_collision,1.0.0,4.060973,0.1,0.8,37.680392,0.40579799669800914,0.44800000000000006,spent,object_normal_deflection_angle_degrees,0.97,0.6236490195748048,tests/physics_validation/reference_data/domenech_2023_ball_collision/normalized.csv,sha256:d04396a53ab1010429fc67405e63bd92759fec7abc0ad1a86e9b395736f1a5ec,-5.57939308698936,billiard_delta2_025,3.497888106774157,tests/physics_validation/reference_data/domenech_2023_ball_collision/raw_extracted.csv,sha256:fd26a8d030d12feee2f0829d1b005af7af523966d568c09d977b106b79a9d74d,sliding,immediate_post_impact,billiard_delta2,Fig. 5 experimental markers,0.10092224807370277,-0.062364901957480484,degree,44.48217111408977
billiard_delta2_026,domenech_2023_ball_collision,1.0.0,4.77772,0.1,0.8,38.515404,0.4061911044170511,0.44800000000000006,spent,object_normal_deflection_angle_degrees,0.97,0.6165633229683236,tests/physics_validation/reference_data/domenech_2023_ball_collision/normalized.csv,sha256:d04396a53ab1010429fc67405e63bd92759fec7abc0ad1a86e9b395736f1a5ec,-12.142693689649308,billiard_delta2_026,3.5633502274948063,tests/physics_validation/reference_data/domenech_2023_ball_collision/raw_extracted.csv,sha256:fd26a8d030d12feee2f0829d1b005af7af523966d568c09d977b106b79a9d74d,sliding,immediate_post_impact,billiard_delta2,Fig. 5 experimental markers,0.10000826863814813,-0.061656332296832365,degree,44.48217111408977
billiard_delta2_027,domenech_2023_ball_collision,1.0.0,3.743234,0.1,0.8,39.676912,0.40675340099230495,0.44800000000000006,spent,object_normal_deflection_angle_degrees,0.97,0.6064896304911298,tests/physics_validation/reference_data/domenech_2023_ball_collision/normalized.csv,sha256:d04396a53ab1010429fc67405e63bd92759fec7abc0ad1a86e9b395736f1a5ec,-0.9009894742316639,billiard_delta2_027,3.6531349636480903,tests/physics_validation/reference_data/domenech_2023_ball_collision/raw_extracted.csv,sha256:fd26a8d030d12feee2f0829d1b005af7af523966d568c09d977b106b79a9d74d,sliding,immediate_post_impact,billiard_delta2,Fig. 5 experimental markers,0.1000000987012013,-0.060648963049112985,degree,44.48217111408977
billiard_delta2_028,domenech_2023_ball_collision,1.0.0,4.777524,0.1,0.8,40.327093,0.4070760460169127,0.44800000000000006,spent,object_normal_deflection_angle_degrees,0.97,0.6007415728528531,tests/physics_validation/reference_data/domenech_2023_ball_collision/normalized.csv,sha256:d04396a53ab1010429fc67405e63bd92759fec7abc0ad1a86e9b395736f1a5ec,-10.746709493906021,billiard_delta2_028,3.702735040808823,tests/physics_validation/reference_data/domenech_2023_ball_collision/raw_extracted.csv,sha256:fd26a8d030d12feee2f0829d1b005af7af523966d568c09d977b106b79a9d74d,sliding,immediate_post_impact,billiard_delta2,Fig. 5 experimental markers,0.10001098101708633,-0.06007415728528531,degree,44.48217111408977
billiard_delta2_029,domenech_2023_ball_collision,1.0.0,4.762452,0.1,0.8,42.297319,0.40808844826335033,0.44800000000000006,spent,object_normal_deflection_angle_degrees,0.97,0.5828541177341182,tests/physics_validation/reference_data/domenech_2023_ball_collision/normalized.csv,sha256:d04396a53ab1010429fc67405e63bd92759fec7abc0ad1a86e9b395736f1a5ec,-9.001287128391853,billiard_delta2_029,3.850074043220905,tests/physics_validation/reference_data/domenech_2023_ball_collision/raw_extracted.csv,sha256:fd26a8d030d12feee2f0829d1b005af7af523966d568c09d977b106b79a9d74d,sliding,immediate_post_impact,billiard_delta2,Fig. 5 experimental markers,0.10136083248597558,-0.05828541177341182,degree,44.48217111408977
billiard_delta2_030,domenech_2023_ball_collision,1.0.0,3.052486,0.1,0.8,44.229335,0.40913209706420806,0.44800000000000006,spent,object_normal_deflection_angle_degrees,0.97,0.5646442135637291,tests/physics_validation/reference_data/domenech_2023_ball_collision/normalized.csv,sha256:d04396a53ab1010429fc67405e63bd92759fec7abc0ad1a86e9b395736f1a5ec,9.376154178130642,billiard_delta2_030,3.9901014178130643,tests/physics_validation/reference_data/domenech_2023_ball_collision/raw_extracted.csv,sha256:fd26a8d030d12feee2f0829d1b005af7af523966d568c09d977b106b79a9d74d,sliding,immediate_post_impact,billiard_delta2,Fig. 5 experimental markers,0.1,-0.05646442135637291,degree,44.48217111408977
billiard_delta2_031,domenech_2023_ball_collision,1.0.0,5.113917,0.1,0.8,45.144403,0.40964405344810717,0.44800000000000006,spent,object_normal_deflection_angle_degrees,0.97,0.5557940595406312,tests/physics_validation/reference_data/domenech_2023_ball_collision/normalized.csv,sha256:d04396a53ab1010429fc67405e63bd92759fec7abc0ad1a86e9b395736f1a5ec,-10.584598442773062,billiard_delta2_031,4.054838328135057,tests/physics_validation/reference_data/domenech_2023_ball_collision/raw_extracted.csv,sha256:fd26a8d030d12feee2f0829d1b005af7af523966d568c09d977b106b79a9d74d,sliding,immediate_post_impact,billiard_delta2,Fig. 5 experimental markers,0.10005846490927194,-0.055579405954063126,degree,44.48217111408977
billiard_delta2_032,domenech_2023_ball_collision,1.0.0,3.307786,0.1,0.8,46.71749,0.4105507435571729,0.44800000000000006,spent,object_normal_deflection_angle_degrees,0.97,0.5402497760173144,tests/physics_validation/reference_data/domenech_2023_ball_collision/normalized.csv,sha256:d04396a53ab1010429fc67405e63bd92759fec7abc0ad1a86e9b395736f1a5ec,7.69898645618363,billiard_delta2_032,4.163685154193289,tests/physics_validation/reference_data/domenech_2023_ball_collision/raw_extracted.csv,sha256:fd26a8d030d12feee2f0829d1b005af7af523966d568c09d977b106b79a9d74d,sliding,immediate_post_impact,billiard_delta2,Fig. 5 experimental markers,0.11117036756258387,-0.054024977601731444,degree,44.48217111408977
billiard_delta2_033,domenech_2023_ball_collision,1.0.0,3.745101,0.1,0.8,47.855737,0.41122780440452733,0.44800000000000006,spent,object_normal_deflection_angle_degrees,0.97,0.528747701516398,tests/physics_validation/reference_data/domenech_2023_ball_collision/normalized.csv,sha256:d04396a53ab1010429fc67405e63bd92759fec7abc0ad1a86e9b395736f1a5ec,4.952793962677575,billiard_delta2_033,4.240480186406095,tests/physics_validation/reference_data/domenech_2023_ball_collision/raw_extracted.csv,sha256:fd26a8d030d12feee2f0829d1b005af7af523966d568c09d977b106b79a9d74d,sliding,immediate_post_impact,billiard_delta2,Fig. 5 experimental markers,0.10002014825148982,-0.052874770151639806,degree,44.48217111408977
billiard_delta2_034,domenech_2023_ball_collision,1.0.0,4.779466,0.1,0.8,48.740707,0.41176640966585054,0.44800000000000006,spent,object_normal_deflection_angle_degrees,0.97,0.5196605869347393,tests/physics_validation/reference_data/domenech_2023_ball_collision/normalized.csv,sha256:d04396a53ab1010429fc67405e63bd92759fec7abc0ad1a86e9b395736f1a5ec,-4.80434706816825,billiard_delta2_034,4.299026199154979,tests/physics_validation/reference_data/domenech_2023_ball_collision/raw_extracted.csv,sha256:fd26a8d030d12feee2f0829d1b005af7af523966d568c09d977b106b79a9d74d,sliding,immediate_post_impact,billiard_delta2,Fig. 5 experimental markers,0.10000106029562889,-0.05196605869347393,degree,44.48217111408977
billiard_delta2_035,domenech_2023_ball_collision,1.0.0,3.037019,0.1,0.8,49.550205,0.41226843446877326,0.44800000000000006,spent,object_normal_deflection_angle_degrees,0.97,0.5112398212348248,tests/physics_validation/reference_data/domenech_2023_ball_collision/normalized.csv,sha256:d04396a53ab1010429fc67405e63bd92759fec7abc0ad1a86e9b395736f1a5ec,12.992086271687983,billiard_delta2_035,4.351677133081789,tests/physics_validation/reference_data/domenech_2023_ball_collision/raw_extracted.csv,sha256:fd26a8d030d12feee2f0829d1b005af7af523966d568c09d977b106b79a9d74d,sliding,immediate_post_impact,billiard_delta2,Fig. 5 experimental markers,0.10118914742327856,-0.051123982123482486,degree,44.48217111408977
billiard_delta2_036,domenech_2023_ball_collision,1.0.0,4.124529,0.1,0.8,50.519814,0.41288152097501424,0.44800000000000006,spent,object_normal_deflection_angle_degrees,0.97,0.5010193354404944,tests/physics_validation/reference_data/domenech_2023_ball_collision/normalized.csv,sha256:d04396a53ab1010429fc67405e63bd92759fec7abc0ad1a86e9b395736f1a5ec,2.821218793954238,billiard_delta2_036,4.413592571117373,tests/physics_validation/reference_data/domenech_2023_ball_collision/raw_extracted.csv,sha256:fd26a8d030d12feee2f0829d1b005af7af523966d568c09d977b106b79a9d74d,sliding,immediate_post_impact,billiard_delta2,Fig. 5 experimental markers,0.10246052937717041,-0.05010193354404944,degree,44.48217111408977
billiard_delta2_037,domenech_2023_ball_collision,1.0.0,5.468422,0.1,0.8,51.481504,0.41350226840997995,0.44800000000000006,spent,object_normal_deflection_angle_degrees,0.97,0.49074058725456865,tests/physics_validation/reference_data/domenech_2023_ball_collision/normalized.csv,sha256:d04396a53ab1010429fc67405e63bd92759fec7abc0ad1a86e9b395736f1a5ec,-9.94602592003581,billiard_delta2_037,4.473748810016998,tests/physics_validation/reference_data/domenech_2023_ball_collision/raw_extracted.csv,sha256:fd26a8d030d12feee2f0829d1b005af7af523966d568c09d977b106b79a9d74d,sliding,immediate_post_impact,billiard_delta2,Fig. 5 experimental markers,0.10000709810933422,-0.049074058725456865,degree,44.48217111408977
billiard_delta2_038,domenech_2023_ball_collision,1.0.0,3.396071,0.1,0.8,51.48271,0.4135030547726932,0.44800000000000006,spent,object_normal_deflection_angle_degrees,0.97,0.4907276098648748,tests/physics_validation/reference_data/domenech_2023_ball_collision/normalized.csv,sha256:d04396a53ab1010429fc67405e63bd92759fec7abc0ad1a86e9b395736f1a5ec,10.775932572387298,billiard_delta2_038,4.473823457781264,tests/physics_validation/reference_data/domenech_2023_ball_collision/raw_extracted.csv,sha256:fd26a8d030d12feee2f0829d1b005af7af523966d568c09d977b106b79a9d74d,sliding,immediate_post_impact,billiard_delta2,Fig. 5 experimental markers,0.10001477371368693,-0.04907276098648748,degree,44.48217111408977
billiard_delta2_039,domenech_2023_ball_collision,1.0.0,3.757985,0.1,0.8,53.393426,0.4147738183878203,0.44800000000000006,spent,object_normal_deflection_angle_degrees,0.97,0.46989778391850917,tests/physics_validation/reference_data/domenech_2023_ball_collision/normalized.csv,sha256:d04396a53ab1010429fc67405e63bd92759fec7abc0ad1a86e9b395736f1a5ec,8.225167815673208,billiard_delta2_039,4.589571707674801,tests/physics_validation/reference_data/domenech_2023_ball_collision/raw_extracted.csv,sha256:fd26a8d030d12feee2f0829d1b005af7af523966d568c09d977b106b79a9d74d,sliding,immediate_post_impact,billiard_delta2,Fig. 5 experimental markers,0.10110270407981184,-0.04698977839185092,degree,44.48217111408977
billiard_delta2_040,domenech_2023_ball_collision,1.0.0,4.167724,0.1,0.8,54.416639,0.4154747658807625,0.44800000000000006,spent,object_normal_deflection_angle_degrees,0.97,0.4585268116506778,tests/physics_validation/reference_data/domenech_2023_ball_collision/normalized.csv,sha256:d04396a53ab1010429fc67405e63bd92759fec7abc0ad1a86e9b395736f1a5ec,4.279250467624808,billiard_delta2_040,4.649459978583062,tests/physics_validation/reference_data/domenech_2023_ball_collision/raw_extracted.csv,sha256:fd26a8d030d12feee2f0829d1b005af7af523966d568c09d977b106b79a9d74d,sliding,immediate_post_impact,billiard_delta2,Fig. 5 experimental markers,0.11257484978448784,-0.045852681165067785,degree,44.48217111408977
billiard_delta2_041,domenech_2023_ball_collision,1.0.0,3.743094,0.1,0.8,56.920713,0.4172501148299531,0.44800000000000006,spent,object_normal_deflection_angle_degrees,0.97,0.4300896763029265,tests/physics_validation/reference_data/domenech_2023_ball_collision/normalized.csv,sha256:d04396a53ab1010429fc67405e63bd92759fec7abc0ad1a86e9b395736f1a5ec,10.466228384168845,billiard_delta2_041,4.789716838416885,tests/physics_validation/reference_data/domenech_2023_ball_collision/raw_extracted.csv,sha256:fd26a8d030d12feee2f0829d1b005af7af523966d568c09d977b106b79a9d74d,sliding,immediate_post_impact,billiard_delta2,Fig. 5 experimental markers,0.1,-0.043008967630292654,degree,44.48217111408977
billiard_delta2_042,domenech_2023_ball_collision,1.0.0,4.778061,0.1,0.8,57.811125,0.41790184127915075,0.44800000000000006,spent,object_normal_deflection_angle_degrees,0.97,0.4197770264454314,tests/physics_validation/reference_data/domenech_2023_ball_collision/normalized.csv,sha256:d04396a53ab1010429fc67405e63bd92759fec7abc0ad1a86e9b395736f1a5ec,0.593320034921917,billiard_delta2_042,4.837395649878599,tests/physics_validation/reference_data/domenech_2023_ball_collision/raw_extracted.csv,sha256:fd26a8d030d12feee2f0829d1b005af7af523966d568c09d977b106b79a9d74d,sliding,immediate_post_impact,billiard_delta2,Fig. 5 experimental markers,0.10000446030177855,-0.04197770264454315,degree,44.48217111408977
billiard_delta2_043,domenech_2023_ball_collision,1.0.0,5.13061,0.1,0.8,59.719335,0.41933443653566954,0.44800000000000006,spent,object_normal_deflection_angle_degrees,0.97,0.3973381525016718,tests/physics_validation/reference_data/domenech_2023_ball_collision/normalized.csv,sha256:d04396a53ab1010429fc67405e63bd92759fec7abc0ad1a86e9b395736f1a5ec,-1.9115925243617349,billiard_delta2_043,4.935622570239613,tests/physics_validation/reference_data/domenech_2023_ball_collision/raw_extracted.csv,sha256:fd26a8d030d12feee2f0829d1b005af7af523966d568c09d977b106b79a9d74d,sliding,immediate_post_impact,billiard_delta2,Fig. 5 experimental markers,0.10200261157931204,-0.039733815250167184,degree,44.48217111408977
billiard_delta2_044,domenech_2023_ball_collision,1.0.0,3.997965,0.1,0.8,61.221983,0.4204968061243038,0.44800000000000006,spent,object_normal_deflection_angle_degrees,0.97,0.3793569277846347,tests/physics_validation/reference_data/domenech_2023_ball_collision/normalized.csv,sha256:d04396a53ab1010429fc67405e63bd92759fec7abc0ad1a86e9b395736f1a5ec,9.080261828884607,billiard_delta2_044,5.009124953789217,tests/physics_validation/reference_data/domenech_2023_ball_collision/raw_extracted.csv,sha256:fd26a8d030d12feee2f0829d1b005af7af523966d568c09d977b106b79a9d74d,sliding,immediate_post_impact,billiard_delta2,Fig. 5 experimental markers,0.11135801729556791,-0.037935692778463474,degree,44.48217111408977
billiard_delta2_045,domenech_2023_ball_collision,1.0.0,6.156433,0.1,0.8,62.356557,0.42139429846951537,0.44800000000000006,spent,object_normal_deflection_angle_degrees,0.97,0.36560665962190625,tests/physics_validation/reference_data/domenech_2023_ball_collision/normalized.csv,sha256:d04396a53ab1010429fc67405e63bd92759fec7abc0ad1a86e9b395736f1a5ec,-10.933047324633757,billiard_delta2_045,5.062343953357366,tests/physics_validation/reference_data/domenech_2023_ball_collision/raw_extracted.csv,sha256:fd26a8d030d12feee2f0829d1b005af7af523966d568c09d977b106b79a9d74d,sliding,immediate_post_impact,billiard_delta2,Fig. 5 experimental markers,0.1000717379295973,-0.036560665962190625,degree,44.48217111408977
billiard_delta2_046,domenech_2023_ball_collision,1.0.0,4.433768,0.1,0.8,62.359224,0.42139642818741685,0.44800000000000006,spent,object_normal_deflection_angle_degrees,0.97,0.36557416637688267,tests/physics_validation/reference_data/domenech_2023_ball_collision/normalized.csv,sha256:d04396a53ab1010429fc67405e63bd92759fec7abc0ad1a86e9b395736f1a5ec,6.286985856180153,billiard_delta2_046,5.062466724631116,tests/physics_validation/reference_data/domenech_2023_ball_collision/raw_extracted.csv,sha256:fd26a8d030d12feee2f0829d1b005af7af523966d568c09d977b106b79a9d74d,sliding,immediate_post_impact,billiard_delta2,Fig. 5 experimental markers,0.10000002211124756,-0.036557416637688266,degree,44.48217111408977
billiard_delta2_047,domenech_2023_ball_collision,1.0.0,4.778036,0.1,0.8,64.798295,0.42338313766974195,0.44800000000000006,spent,object_normal_deflection_angle_degrees,0.97,0.3355352990721916,tests/physics_validation/reference_data/domenech_2023_ball_collision/normalized.csv,sha256:d04396a53ab1010429fc67405e63bd92759fec7abc0ad1a86e9b395736f1a5ec,3.9207167273160324,billiard_delta2_047,5.170126117309595,tests/physics_validation/reference_data/domenech_2023_ball_collision/raw_extracted.csv,sha256:fd26a8d030d12feee2f0829d1b005af7af523966d568c09d977b106b79a9d74d,sliding,immediate_post_impact,billiard_delta2,Fig. 5 experimental markers,0.10000470438934361,-0.03355352990721916,degree,44.48217111408977
billiard_delta2_048,domenech_2023_ball_collision,1.0.0,5.579125,0.1,0.8,65.986034,0.42437855787314216,0.44800000000000006,spent,object_normal_deflection_angle_degrees,0.97,0.32068393639586623,tests/physics_validation/reference_data/domenech_2023_ball_collision/normalized.csv,sha256:d04396a53ab1010429fc67405e63bd92759fec7abc0ad1a86e9b395736f1a5ec,-3.599296711109685,billiard_delta2_048,5.219177868674272,tests/physics_validation/reference_data/domenech_2023_ball_collision/raw_extracted.csv,sha256:fd26a8d030d12feee2f0829d1b005af7af523966d568c09d977b106b79a9d74d,sliding,immediate_post_impact,billiard_delta2,Fig. 5 experimental markers,0.10000485100733865,-0.03206839363958663,degree,44.48217111408977
billiard_delta2_049,domenech_2023_ball_collision,1.0.0,4.777419,0.1,0.8,66.871758,0.4251326442925878,0.44800000000000006,spent,object_normal_deflection_angle_degrees,0.97,0.30951888527933274,tests/physics_validation/reference_data/domenech_2023_ball_collision/normalized.csv,sha256:d04396a53ab1010429fc67405e63bd92759fec7abc0ad1a86e9b395736f1a5ec,4.768223578232513,billiard_delta2_049,5.254301399543455,tests/physics_validation/reference_data/domenech_2023_ball_collision/raw_extracted.csv,sha256:fd26a8d030d12feee2f0829d1b005af7af523966d568c09d977b106b79a9d74d,sliding,immediate_post_impact,billiard_delta2,Fig. 5 experimental markers,0.10001259205220112,-0.030951888527933277,degree,44.48217111408977
billiard_delta2_050,domenech_2023_ball_collision,1.0.0,5.098555,0.1,0.8,69.512374,0.42743966066333633,0.44800000000000006,spent,object_normal_deflection_angle_degrees,0.97,0.2758040052244897,tests/physics_validation/reference_data/domenech_2023_ball_collision/normalized.csv,sha256:d04396a53ab1010429fc67405e63bd92759fec7abc0ad1a86e9b395736f1a5ec,2.512128282852809,billiard_delta2_050,5.351552777168786,tests/physics_validation/reference_data/domenech_2023_ball_collision/raw_extracted.csv,sha256:fd26a8d030d12feee2f0829d1b005af7af523966d568c09d977b106b79a9d74d,sliding,immediate_post_impact,billiard_delta2,Fig. 5 experimental markers,0.10071053253756532,-0.027580400522448974,degree,44.48217111408977
billiard_delta2_051,domenech_2023_ball_collision,1.0.0,6.504342,0.1,0.8,70.502099,0.4283267035192323,0.44800000000000006,spent,object_normal_deflection_angle_degrees,0.97,0.2630125927673086,tests/physics_validation/reference_data/domenech_2023_ball_collision/normalized.csv,sha256:d04396a53ab1010429fc67405e63bd92759fec7abc0ad1a86e9b395736f1a5ec,-11.19168682561204,billiard_delta2_051,5.385095006965547,tests/physics_validation/reference_data/domenech_2023_ball_collision/raw_extracted.csv,sha256:fd26a8d030d12feee2f0829d1b005af7af523966d568c09d977b106b79a9d74d,sliding,immediate_post_impact,billiard_delta2,Fig. 5 experimental markers,0.10000699720019596,-0.02630125927673086,degree,44.48217111408977
billiard_delta2_052,domenech_2023_ball_collision,1.0.0,5.468509,0.1,0.8,71.424469,0.42916415992547824,0.44800000000000006,spent,object_normal_deflection_angle_degrees,0.97,0.25102096323591566,tests/physics_validation/reference_data/domenech_2023_ball_collision/normalized.csv,sha256:d04396a53ab1010429fc67405e63bd92759fec7abc0ad1a86e9b395736f1a5ec,-0.5359218673680682,billiard_delta2_052,5.4149135474119685,tests/physics_validation/reference_data/domenech_2023_ball_collision/raw_extracted.csv,sha256:fd26a8d030d12feee2f0829d1b005af7af523966d568c09d977b106b79a9d74d,sliding,immediate_post_impact,billiard_delta2,Fig. 5 experimental markers,0.10000609389432226,-0.025102096323591568,degree,44.48217111408977
separation_angle_mean,sudo_2002,1.0.0,85.05,0.1,0.98,30.0,0.6041719412797344,0.67228,spent,post_collision_separation_angle_degrees,0.97,0.8359743222731187,tests/physics_validation/reference_data/sudo_2002/normalized.csv,sha256:d520f588ece441234044cf98198eb0807eda1a5b17a0435a57693ba3376bd424,0.46062025397792183,separation_angle_mean,85.51062025397792,tests/physics_validation/reference_data/sudo_2002/raw_extracted.csv,sha256:ad55353fd502273384ee53d498d465e05c0921c37885351cd0e221c00f979bcf,sliding,immediate_post_impact,sudo_ball_collision,"PDF p.4 / article p.156, conclusion item 4",1.0,-0.08359743222731188,degree,23.16739033945821
table1_shot_01,mathavan_2009_high_speed,1.0.0,81.6,0.1,1.539,33.83,1.4955170666527429,1.6579647,spent,post_collision_cue_speed_cm_s,0.97,1.259260099875434,tests/physics_validation/reference_data/mathavan_2009_high_speed/normalized.csv,sha256:c429fc9f3996e194462abfd6e053046b28f87791662df3d09c24f2c19ffb7713,0.7259075375718006,table1_shot_01_cue_speed,86.21964725871297,tests/physics_validation/reference_data/mathavan_2009_high_speed/raw_extracted.csv,sha256:e7825cfb753c8872ae6006fec49d55dad9ded354de42447c29f26b756d22d595,sliding,first_pure_roll_after_event,mathavan_velocity,Table I row 1,6.363961,-0.1259260099875434,cm/s,0.265030132760088
table1_shot_01,mathavan_2009_high_speed,1.0.0,83.6,0.1,1.539,33.83,1.4955170666527429,1.6579647,spent,post_collision_object_speed_cm_s,0.97,1.259260099875434,tests/physics_validation/reference_data/mathavan_2009_high_speed/normalized.csv,sha256:c429fc9f3996e194462abfd6e053046b28f87791662df3d09c24f2c19ffb7713,-0.15286292858152523,table1_shot_01_object_speed,82.62718628416138,tests/physics_validation/reference_data/mathavan_2009_high_speed/raw_extracted.csv,sha256:e7825cfb753c8872ae6006fec49d55dad9ded354de42447c29f26b756d22d595,sliding,first_pure_roll_after_event,mathavan_velocity,Table I row 1,6.363961,-0.1259260099875434,cm/s,0.265030132760088
table1_shot_02,mathavan_2009_high_speed,1.0.0,52.0,0.1,1.032,26.36,0.6679222517322926,0.7455168,spent,post_collision_cue_speed_cm_s,0.97,0.9108242385591793,tests/physics_validation/reference_data/mathavan_2009_high_speed/normalized.csv,sha256:c429fc9f3996e194462abfd6e053046b28f87791662df3d09c24f2c19ffb7713,-0.6203587608598632,table1_shot_02_cue_speed,48.052061039879504,tests/physics_validation/reference_data/mathavan_2009_high_speed/raw_extracted.csv,sha256:e7825cfb753c8872ae6006fec49d55dad9ded354de42447c29f26b756d22d595,sliding,first_pure_roll_after_event,mathavan_velocity,Table I row 2,6.363961,-0.09108242385591793,cm/s,0.265030132760088
table1_shot_02,mathavan_2009_high_speed,1.0.0,62.9,0.1,1.032,26.36,0.6679222517322926,0.7455168,spent,post_collision_object_speed_cm_s,0.97,0.9108242385591793,tests/physics_validation/reference_data/mathavan_2009_high_speed/normalized.csv,sha256:c429fc9f3996e194462abfd6e053046b28f87791662df3d09c24f2c19ffb7713,-0.5657080299251355,table1_shot_02_object_speed,59.299856160169604,tests/physics_validation/reference_data/mathavan_2009_high_speed/raw_extracted.csv,sha256:e7825cfb753c8872ae6006fec49d55dad9ded354de42447c29f26b756d22d595,sliding,first_pure_roll_after_event,mathavan_velocity,Table I row 2,6.363961,-0.09108242385591793,cm/s,0.265030132760088
table1_shot_03,mathavan_2009_high_speed,1.0.0,92.5,0.1,1.364,40.52,1.183661698312855,1.3023472000000003,spent,post_collision_cue_speed_cm_s,0.97,1.021331188087083,tests/physics_validation/reference_data/mathavan_2009_high_speed/normalized.csv,sha256:c429fc9f3996e194462abfd6e053046b28f87791662df3d09c24f2c19ffb7713,-0.7727917677099329,table1_shot_03_cue_speed,87.58198332917293,tests/physics_validation/reference_data/mathavan_2009_high_speed/raw_extracted.csv,sha256:e7825cfb753c8872ae6006fec49d55dad9ded354de42447c29f26b756d22d595,sliding,first_pure_roll_after_event,mathavan_velocity,Table I row 3,6.363961,-0.1021331188087083,cm/s,0.265030132760088
table1_shot_03,mathavan_2009_high_speed,1.0.0,70.0,0.1,1.364,40.52,1.183661698312855,1.3023472000000003,spent,post_collision_object_speed_cm_s,0.97,1.021331188087083,tests/physics_validation/reference_data/mathavan_2009_high_speed/normalized.csv,sha256:c429fc9f3996e194462abfd6e053046b28f87791662df3d09c24f2c19ffb7713,-0.38136796906687176,table1_shot_03_object_speed,67.57298911820922,tests/physics_validation/reference_data/mathavan_2009_high_speed/raw_extracted.csv,sha256:e7825cfb753c8872ae6006fec49d55dad9ded354de42447c29f26b756d22d595,sliding,first_pure_roll_after_event,mathavan_velocity,Table I row 3,6.363961,-0.1021331188087083,cm/s,0.265030132760088
table1_shot_04,mathavan_2009_high_speed,1.0.0,127.5,0.1,1.731,46.5,1.921525962522653,2.0974527000000003,spent,post_collision_cue_speed_cm_s,0.97,1.1736686439679997,tests/physics_validation/reference_data/mathavan_2009_high_speed/normalized.csv,sha256:c429fc9f3996e194462abfd6e053046b28f87791662df3d09c24f2c19ffb7713,-0.6943562303276128,table1_shot_04_cue_speed,123.08114403008805,tests/physics_validation/reference_data/mathavan_2009_high_speed/raw_extracted.csv,sha256:e7825cfb753c8872ae6006fec49d55dad9ded354de42447c29f26b756d22d595,sliding,first_pure_roll_after_event,mathavan_velocity,Table I row 4,6.363961,-0.11736686439679998,cm/s,0.265030132760088
table1_shot_04,mathavan_2009_high_speed,1.0.0,78.7,0.1,1.731,46.5,1.921525962522653,2.0974527000000003,spent,post_collision_object_speed_cm_s,0.97,1.1736686439679997,tests/physics_validation/reference_data/mathavan_2009_high_speed/normalized.csv,sha256:c429fc9f3996e194462abfd6e053046b28f87791662df3d09c24f2c19ffb7713,-0.06297063716804412,table1_shot_04_object_speed,78.29925732091742,tests/physics_validation/reference_data/mathavan_2009_high_speed/raw_extracted.csv,sha256:e7825cfb753c8872ae6006fec49d55dad9ded354de42447c29f26b756d22d595,sliding,first_pure_roll_after_event,mathavan_velocity,Table I row 4,6.363961,-0.11736686439679998,cm/s,0.265030132760088
table1_shot_05,mathavan_2009_high_speed,1.0.0,36.5,0.1,0.942,18.05,0.5534389467072668,0.6211548,spent,post_collision_cue_speed_cm_s,0.97,0.8822062567593486,tests/physics_validation/reference_data/mathavan_2009_high_speed/normalized.csv,sha256:c429fc9f3996e194462abfd6e053046b28f87791662df3d09c24f2c19ffb7713,-0.37350546818541325,table1_shot_05_cue_speed,34.12302576718129,tests/physics_validation/reference_data/mathavan_2009_high_speed/raw_extracted.csv,sha256:e7825cfb753c8872ae6006fec49d55dad9ded354de42447c29f26b756d22d595,sliding,first_pure_roll_after_event,mathavan_velocity,Table I row 5,6.363961,-0.08822062567593486,cm/s,0.265030132760088
table1_shot_05,mathavan_2009_high_speed,1.0.0,58.1,0.1,0.942,18.05,0.5534389467072668,0.6211548,spent,post_collision_object_speed_cm_s,0.97,0.8822062567593486,tests/physics_validation/reference_data/mathavan_2009_high_speed/normalized.csv,sha256:c429fc9f3996e194462abfd6e053046b28f87791662df3d09c24f2c19ffb7713,-0.16392399973915206,table1_shot_05_object_speed,57.05679405869603,tests/physics_validation/reference_data/mathavan_2009_high_speed/raw_extracted.csv,sha256:e7825cfb753c8872ae6006fec49d55dad9ded354de42447c29f26b756d22d595,sliding,first_pure_roll_after_event,mathavan_velocity,Table I row 5,6.363961,-0.08822062567593486,cm/s,0.265030132760088
transverse_momentum_deficit,sudo_2002,1.0.0,0.04,0.1,0.98,30.0,0.6041719412797344,0.67228,spent,transverse_momentum_deficit_fraction,0.97,0.8359743222731187,tests/physics_validation/reference_data/sudo_2002/normalized.csv,sha256:d520f588ece441234044cf98198eb0807eda1a5b17a0435a57693ba3376bd424,-4.0,transverse_momentum_deficit,0.0,tests/physics_validation/reference_data/sudo_2002/raw_extracted.csv,sha256:ad55353fd502273384ee53d498d465e05c0921c37885351cd0e221c00f979bcf,sliding,immediate_post_impact,sudo_ball_collision,"PDF p.4 / article p.156, conclusion item 4",0.01,-0.08359743222731188,dimensionless,23.16739033945821
