stage,stiffness_n_per_m32,dissipation_s_per_m,duration_s,duration_residual_s,trace_rmse,objective,passive
grid,100000.0,0.0,0.011311189330283971,0.010311189330283972,0.43866863128682465,412.8862418426457,True
grid,105925.37251772897,0.0,0.011053715226311139,0.010053715226311138,0.43863110322354226,402.587240155669,True
grid,112201.84543019629,0.0,0.010802101948464576,0.009802101948464575,0.43859135368725266,392.5226692922702,True
grid,118850.22274370189,0.0,0.010556216088053707,0.009556216088053706,0.43854925132845,382.6871927734766,True
grid,125892.54117941661,0.0,0.010315927273140846,0.009315927273140845,0.4385046570512621,373.0755955826851,True
grid,133352.1432163324,0.0,0.01008110809941557,0.00908110809941557,0.43845742355935385,363.68278140018214,True
grid,141253.75446227554,0.0,0.009851634062643876,0.008851634062643877,0.43840739487560054,354.50376990063063,True
grid,149623.5656094433,0.0,0.009627383492653959,0.008627383492653958,0.43835440583407903,345.5336941119924,True
grid,158489.3192461114,0.0,0.009408237488825388,0.008408237488825389,0.4382982815428588,336.7677978345584,True
grid,167880.4018122559,0.0,0.009194079857046067,0.008194079857046066,0.43823883681598613,328.2014331186586,True
grid,177827.94100389228,0.0,0.008984797048104991,0.00798479704810499,0.4381758755729878,319.8300577997726,True
grid,188364.9089489802,0.0,0.008780278097486672,0.007780278097486672,0.43810919020415906,311.64923308967104,True
grid,199526.2314968879,0.0,0.008580414566536361,0.007580414566536361,0.4380385608997974,303.6546212223542,True
grid,211348.90398366476,0.0,0.00838510048496441,0.00738510048496441,0.4379637549414927,295.8419831535179,True
grid,223872.11385683378,0.0,0.008194232294659503,0.007194232294659503,0.4378845259535009,288.2071763123336,True
grid,237137.37056616554,0.0,0.008007708794780724,0.007007708794780724,0.43780061311215146,280.7461524043411,True
grid,251188.6431509582,0.0,0.007825431088099463,0.0068254310880994625,0.4377117403111828,273.45495526428965,True
grid,266072.50597988087,0.0,0.007647302528563233,0.006647302528563233,0.4376176152808109,266.32971875781016,True
grid,281838.2931264455,0.0,0.007473228670051643,0.006473228670051643,0.43751792865833194,259.36666473072404,True
grid,298538.26189179573,0.0,0.007303117216300805,0.006303117216300805,0.43741235300792214,252.5621010050401,True
grid,316227.7660168379,0.0,0.007136877971966187,0.006136877971966187,0.43730054178737726,245.91241942043484,True
grid,334965.43915782793,0.0,0.0069744227948000444,0.005974422794800044,0.4371821282594057,239.41409392026117,True
grid,354813.3892335753,0.0,0.0068156655489170865,0.0058156655489170865,0.43705672434516246,233.0636786810286,True
grid,375837.4042884443,0.0,0.006660522059124135,0.005660522059124135,0.4369239194177078,226.85780628438306,True
grid,398107.1705534969,0.0,0.00650891006628934,0.00550891006628934,0.43678327903312464,220.79318593060674,True
grid,421696.5034285823,0.0,0.0063607491837272935,0.0053607491837272935,0.43663434359714565,214.86660169268887,True
grid,446683.5921509635,0.0,0.006215960854576879,0.005215960854576879,0.4364766269652646,209.07491081004042,True
grid,473151.2589614803,0.0,0.006074468310149524,0.005074468310149524,0.43630961497451953,203.41504202095547,True
grid,501187.2336272725,0.0,0.005936196529225273,0.004936196529225273,0.4361327639054059,197.88399393291635,True
grid,530884.4442309879,0.0,0.005801072198275656,0.004801072198275656,0.43594549887274897,192.47883342989897,True
grid,562341.3251903491,0.0,0.005669023672591782,0.004669023672591782,0.4357472121448307,187.19669411581611,True
grid,595662.1435290109,0.0,0.005539980938297497,0.004539980938297497,0.4355372613906733,182.03477479329052,True
grid,630957.344480193,0.0,0.00541387557522698,0.00441387557522698,0.43531496785615814,176.99033797693534,True
grid,668343.9175686149,0.0,0.005290640720647561,0.004290640720647561,0.43507961447061294,172.06070844037305,True
grid,707945.7843841374,0.0,0.005170211033808073,0.004170211033808073,0.43483044388671965,167.2432717962096,True
grid,749894.2093324559,0.0,0.005052522661294523,0.004052522661294523,0.4345666564580846,162.535473108239,True
grid,794328.2347242822,0.0,0.004937513203173994,0.003937513203173994,0.4342874081606763,157.93481553512044,True
grid,841395.1416451947,0.0,0.0048251216799094976,0.0038251216799094975,0.4339918084666316,153.43885900484653,True
grid,891250.9381337459,0.0,0.004715288500027664,0.003715288500027664,0.4336789181817477,149.04521891928832,True
grid,944060.8762859226,0.0,0.004607955428522717,0.003607955428522717,0.43334774726147185,144.75156488817015,True
grid,1000000.0,0.0,0.004503065555979483,0.0035030655559794826,0.43299725262442523,140.55561949180372,True
grid,1059253.7251772897,0.0,0.00440056326839907,0.00340056326839907,0.4326263359878047,136.4551570719506,True
grid,1122018.4543019629,0.0,0.004300394217711871,0.003300394217711871,0.4322338417553489,132.4480025502302,True
grid,1188502.2274370189,0.0,0.004202505292961309,0.0032025052929613093,0.43181855499649746,128.53203027344887,True
grid,1258925.411794166,0.0,0.004106844592143783,0.003106844592143783,0.43137919956501125,124.70516288531633,True
grid,1333521.432163324,0.0,0.004013361394689476,0.0030133613946894764,0.4309144364171892,120.96537022399623,True
grid,1412537.5446227554,0.0,0.003922006134569693,0.0029220061345696926,0.4304228622044067,117.31066824499212,True
grid,1496235.6560944328,0.0,0.003832730374016275,0.002832730374016275,0.42990300823259153,113.73911796888358,True
grid,1584893.1924611141,0.0,0.0037454867778392155,0.0027454867778392155,0.42935333990333147,110.24882445347194,True
grid,1678804.018122559,0.0,0.003660229088329178,0.002660229088329178,0.4287722567784645,106.83793578994556,True
grid,1778279.410038923,0.0,0.0035769121007304975,0.0025769121007304975,0.4281580934435348,103.50464212266343,True
grid,1883649.089489802,0.0,0.0034954916392736374,0.0024954916392736374,0.42750912138694475,100.24717469233244,True
grid,1995262.3149688789,0.0,0.003415924533752178,0.002415924533752178,0.42682355216295287,97.06380490225008,True
grid,2113489.0398366475,0.0,0.0033381685966336113,0.0023381685966336113,0.4260995421703236,93.95284340751476,True
grid,2238721.138568338,0.0,0.0032621826006907603,0.0022621826006907603,0.42533519945756537,90.91263922708798,True
grid,2371373.7056616554,0.0,0.0031879262571427648,0.0021879262571427647,0.42452859306426416,87.94157887877485,True
grid,2511886.4315095823,0.0,0.00311536019429351,0.00211536019429351,0.4236777655310984,85.03808553727148,True
grid,2660725.059798809,0.0,0.0030444459366558373,0.0020444459366558373,0.4227807493651346,82.20061821559862,True
grid,2818382.931264455,0.0,0.0029751458845518023,0.0019751458845518022,0.4218355884402291,79.42767097051232,True
grid,2985382.618917957,0.0,0.0029074232941762816,0.0019074232941762815,0.4208403655554453,76.71777213260671,True
grid,3162277.6601683795,0.0,0.0028412422581156785,0.0018412422581156784,0.4197932376808735,74.06948356230801,True
grid,3349654.3915782794,0.0,0.0027765676863084525,0.0017765676863084525,0.4186924808078875,71.481399933146,True
grid,3548133.892335753,0.0,0.0027133652874406547,0.0017133652874406547,0.4175365468123854,68.95214804443857,True
grid,3758374.0428844434,0.0,0.0026516015507638867,0.0016516015507638867,0.4163241353645599,66.48038616592002,True
grid,3981071.7055349695,0.0,0.0025912437283273134,0.0015912437283273134,0.41505428471569744,64.06480341780824,True
grid,4216965.034285823,0.0,0.0025322598176145588,0.0015322598176145587,0.4137264862115575,61.704119190793904,True
grid,4466835.921509635,0.0,0.0024746185445754525,0.0014746185445754525,0.4123408286883428,59.39708261170644,True
grid,4731512.589614803,0.0,0.0024182893470440147,0.0014182893470440147,0.41089818058657007,57.14247206234716,True
grid,5011872.336272725,0.0,0.00236324235853417,0.00136324235853417,0.40940041978180347,54.9390947611486,True
grid,5308844.442309879,0.0,0.002309448392403794,0.0013094483924037939,0.4078507239247794,52.78578642007653,True
grid,5623413.251903491,0.0,0.002256878926380272,0.0012568789263802719,0.40625393769663076,50.68141099290751,True
grid,5956621.435290109,0.0,0.002205506087436708,0.001205506087436708,0.4046170380639794,48.6248605355323,True
grid,6309573.44480193,0.0,0.0021553026370139967,0.0011553026370139967,0.402949724681473,46.61505520524133,True
grid,6683439.175686149,0.0,0.002106241956578106,0.0011062419565781058,0.40126517044262816,44.65094343356686,True
grid,7079457.843841373,0.0,0.0020582980335067916,0.0010582980335067916,0.3995809773371899,42.73150231760885,True
grid,7498942.093324558,0.0,0.002011445447297437,0.001011445447297437,0.3979203958705084,40.85573828776799,True
grid,7943282.347242822,0.0,0.001965659356089065,0.0009656593560890651,0.3963138831026436,39.022688126665244,True
grid,8413951.416451948,0.0,0.0019209154834893476,0.0009209154834893475,0.39423092222101724,37.23085026179492,True
grid,8912509.381337458,0.0,0.0018771901057055755,0.0008771901057055755,0.3918539034474872,35.47945813167051,True
grid,9440608.762859225,0.0,0.0018344600389628128,0.0008344600389628128,0.38912791892708454,33.767529477439595,True
grid,10000000.0,0.0,0.0017927026272149956,0.0007927026272149956,0.3857162871352522,32.093821375735075,True
grid,10592537.251772897,0.0,0.0017518957301287347,0.0007518957301287346,0.3822234679445937,30.458052673093977,True
grid,11220184.54301963,0.0,0.0017120177113477768,0.0007120177113477768,0.3775426271868301,28.8582510810979,True
grid,11885022.27437019,0.0,0.0016730474270184822,0.0006730474270184822,0.3726179962621603,27.294515077001446,True
grid,12589254.117941663,0.0,0.0016349642145800174,0.0006349642145800174,0.36700062535106553,25.76556920855176,True
grid,13335214.32163324,0.0,0.001597747881809702,0.0005977478818097019,0.3603335367014222,24.270248809089498,True
grid,14125375.446227554,0.0,0.0015613786961143183,0.0005613786961143183,0.35336038375385936,22.808508228326588,True
grid,14962356.560944328,0.0,0.0015258373740710414,0.0005258373740710414,0.34508551606195315,21.378580478903608,True
grid,15848931.924611142,0.0,0.001491105071200242,0.000491105071200242,0.3359301519586286,19.98013299996831,True
grid,16788040.18122559,0.0,0.0014571633719750248,0.0004571633719750248,0.32633891383020247,18.612873792831195,True
grid,17782794.100389227,0.0,0.0014239942800567862,0.00042399428005678616,0.31504541713490497,17.274816619406348,True
grid,18836490.89489802,0.0,0.0013915802087550912,0.0003915802087550912,0.30286118036416426,15.966069530567813,True
grid,19952623.149688788,0.0,0.0013599039716990292,0.00035990397169902914,0.29011763004869207,14.686276498009859,True
grid,21134890.398366477,0.0,0.001328948773729238,0.00032894877372923793,0.2756493086437676,13.433600257813284,True
grid,22387211.385683376,0.0,0.0012986982019903871,0.0002986982019903871,0.26000823850235555,12.207936318117838,True
grid,23713737.056616552,0.0,0.0012691362172277212,0.00026913621722772117,0.24373832998332717,11.009187019092172,True
grid,25118864.315095823,0.0,0.0012402471452861706,0.00024024714528617054,0.22627388575059204,9.836159697197413,True
grid,26607250.597988084,0.0,0.0012120156687970198,0.0002120156687970198,0.2070650566844339,8.687691808565225,True
grid,28183829.31264455,0.0,0.0011844268190583788,0.00018442681905837875,0.18734792993742655,7.564420692272576,True
grid,29853826.189179573,0.0,0.0011574659680968068,0.0001574659680968068,0.16728665099147683,6.4659253748637475,True
grid,31622776.60168379,0.0,0.0011311188209128316,0.00013111882091283158,0.14590658749438637,5.39065942400765,True
grid,33496543.915782794,0.0,0.0011053714078983036,0.00010537140789830361,0.12450136599928037,4.339357681931425,True
grid,35481338.92335753,0.0,0.001080210077436475,8.021007743647503e-05,0.1045831512953259,3.312986248754327,True
grid,37583740.42884443,0.0,0.001055621488654939,5.562148865493905e-05,0.08814204408367741,2.3130015902812393,True
grid,39810717.05534969,0.0,0.0010315926043591047,3.1592604359104636e-05,0.07760260832451846,1.341306782688704,True
grid,42169650.342858225,0.0,0.0010081106841167329,8.110684116732856e-06,0.07822754632474636,0.4026549109940606,True
grid,44668359.21509635,0.0,0.00098516327750273,-1.483672249726997e-05,0.09070884922333441,0.6841777491141332,True
grid,47315125.896148026,0.0,0.000962738217498012,-3.726178250198803e-05,0.11059783987885244,1.6010691399583736,True
grid,50118723.36272725,0.0,0.0009408236140387648,-5.917638596123517e-05,0.13404918918667327,2.5011046276360798,True
grid,53088444.423098795,0.0,0.0009194078477124968,-8.059215228750324e-05,0.15883681084299847,3.3825229023431276,True
grid,56234132.51903491,0.0,0.0008984795635969748,-0.00010152043640302517,0.18554283241061664,4.246360288531624,True
grid,59566214.35290109,0.0,0.0008780276652389218,-0.00012197233476107826,0.20956150913786215,5.088454899580992,True
grid,63095734.448019296,0.0,0.0008580413087703714,-0.00014195869122962863,0.23537327437515768,5.9137209235603025,True
grid,66834391.756861486,0.0,0.0008385098971602604,-0.00016149010283973957,0.25910403801101684,6.7187081516006,True
grid,70794578.43841374,0.0,0.000819423074596222,-0.00018057692540377802,0.281918854406764,7.5049958705578845,True
grid,74989420.93324558,0.0,0.0008007707209939204,-0.00019922927900607962,0.3063524369291506,8.275523597172334,True
grid,79432823.47242822,0.0,0.0007825429466248132,-0.00021745705337518687,0.3259472800826013,9.024229415090076,True
grid,84139514.16451947,0.0,0.0007647300868853924,-0.00023526991311460766,0.34689733757797564,9.757693862162283,True
grid,89125093.8133746,0.0,0.0007473226971579163,-0.00025267730284208375,0.36832237035634546,10.475414484039694,True
grid,94406087.62859227,0.0,0.0007303115478169983,-0.0002696884521830017,0.3849555986477034,11.17249368596777,True
grid,100000000.0,0.0,0.0007136876193259811,-0.00028631238067401894,0.4031044625334848,11.855599689494241,True
grid,105925372.51772897,0.0,0.0006974420974531075,-0.00030255790254689254,0.42170148564314464,12.524017587518845,True
grid,112201845.43019652,0.0,0.0006815663686157539,-0.0003184336313842461,0.4361227750235254,13.17346803039337,True
grid,118850222.74370165,0.0,0.0006660520152860662,-0.0003339479847139338,0.4519864102417542,13.809905798799106,True
grid,125892541.17941661,0.0,0.0006508908115495873,-0.0003491091884504127,0.4693558508719582,14.433723388888467,True
grid,133352143.2163324,0.0,0.0006360747187391531,-0.00036392528126084694,0.4814264923632584,15.038437742797136,True
grid,141253754.46227553,0.0,0.0006215958811621203,-0.0003784041188378797,0.4943171289060808,15.630481882421268,True
grid,149623565.60944358,0.0,0.0006074466219449168,-0.00039255337805508324,0.5084849765213947,16.210620098724725,True
grid,158489319.2461111,0.0,0.0005936194389729078,-0.0004063805610270922,0.5211566159077196,16.77637905699141,True
grid,167880401.8122559,0.0,0.0005801070008804922,-0.0004198929991195078,0.5317597735304533,17.327479738310764,True
grid,177827941.00389227,0.0,0.0005669021431946005,-0.00043309785680539954,0.5435423306847448,17.867456602900724,True
grid,188364908.9489802,0.0,0.0005539978645313551,-0.0004460021354686449,0.5565879349367303,18.396673353682523,True
grid,199526231.49688828,0.0,0.0005413873228681152,-0.0004586126771318848,0.5660708460239022,18.910577931299294,True
grid,211348903.98366433,0.0,0.0005290638319308398,-0.0004709361680691602,0.5743117238358949,19.4117584466023,True
grid,223872113.8568338,0.0,0.0005170208576353293,-0.00048297914236467075,0.5835376498258971,19.902703344412725,True
grid,237137370.56616554,0.0,0.0005052520146463849,-0.0004947479853536151,0.5937976798519584,20.383717093996566,True
grid,251188643.1509582,0.0,0.000493751062959116,-0.0005062489370408841,0.6021554364387753,20.852112918074138,True
grid,266072505.9798814,0.0,0.00048251190461553334,-0.0005174880953844667,0.6089242899007306,21.308448105279396,True
grid,281838293.12644494,0.0,0.0004715285804745662,-0.0005284714195254339,0.6165870392538663,21.75544382027122,True
grid,298538261.8917957,0.0,0.0004607952670289124,-0.0005392047329710876,0.6252250494942893,22.193414368337795,True
grid,316227766.01683795,0.0,0.00045030627332925797,-0.000549693726670742,0.634933482927973,22.622682549757652,True
grid,334965439.1578279,0.0,0.0004400560379750115,-0.0005599439620249886,0.6388499676219592,23.0366084486215,True
grid,354813389.23357606,0.0,0.0004300391261550787,-0.0005699608738449213,0.643236851624951,23.441671805421805,True
grid,375837404.28844357,0.0,0.00042025022677623613,-0.0005797497732237639,0.6483413903418543,23.838332319292412,True
grid,398107170.5534969,0.0,0.00041068414962636997,-0.00058931585037363,0.6542104244118511,24.22684443935705,True
grid,421696503.42858225,0.0,0.00040133582263963995,-0.0005986641773603601,0.6608963845411736,24.607463478955577,True
grid,446683592.1509635,0.0,0.00039220028922947413,-0.0006077997107705259,0.6644849785665478,24.976473409387584,True
grid,473151258.9614813,0.0,0.00038327270559365364,-0.0006167272944063464,0.6679962779615323,25.337088054215386,True
grid,501187233.6272715,0.0,0.00037454833821699737,-0.0006254516617830027,0.6721377265546685,25.690204197874777,True
grid,530884444.2309879,0.0,0.00036602256132635527,-0.0006339774386736447,0.6769791019602167,26.036076648906004,True
grid,562341325.1903491,0.0,0.0003576908544537893,-0.0006423091455462107,0.6826015499923356,26.37496737184076,True
grid,595662143.5290109,0.0,0.0003495487999874361,-0.0006504512000125639,0.6887385093984963,26.706786509901054,True
grid,630957344.4801943,0.0,0.000341592080932049,-0.000658407919067951,0.6894207084690744,27.025737471187117,True
grid,668343917.5686135,0.0,0.00033381647850951995,-0.00066618352149048,0.6905300848707637,27.337870944489964,True
grid,707945784.3841373,0.0,0.00032621787001210864,-0.0006737821299878914,0.6921002288615927,27.643385428377243,True
grid,749894209.3324559,0.0,0.00031879222653243905,-0.0006812077734675609,0.6941666098871808,27.942477548589615,True
grid,794328234.7242821,0.0,0.0003115356109086234,-0.0006884643890913767,0.696767437246515,28.23534300090158,True
grid,841395141.6451964,0.0,0.00030444417558444744,-0.0006955558244155526,0.6999450238993205,28.52217800052142,True
grid,891250938.1337441,0.0,0.00029751416060290784,-0.0007024858393970922,0.702529593458361,28.80196316934205,True
grid,944060876.2859226,0.0,0.0002907418915763775,-0.0007092581084236224,0.703385018003985,29.073709354948882,True
grid,1000000000.0,0.0,0.0002841237777320529,-0.0007158762222679472,0.704588471130723,29.33963736184861,True
refined,43029920.28076117,0.0,0.0010000000000000002,2.168404344971009e-19,0.08149640214859985,0.08149640214860852,True
grid,100000.0,0.025,0.01136899476450782,0.010368994764507821,0.43862138343777285,415.1984119637506,True
grid,105925.37251772897,0.025,0.011110204587811609,0.01011020458781161,0.43858107435309435,404.8467645868174,True
grid,112201.84543019629,0.025,0.010857305194714282,0.009857305194714283,0.43853838128226347,394.7307461698536,True
grid,118850.22274370189,0.025,0.010610162494610102,0.009610162494610101,0.4384931635244229,384.84499294792846,True
grid,125892.54117941661,0.025,0.010368645449168105,0.009368645449168104,0.4384452721123497,375.1842632388365,True
grid,133352.1432163324,0.025,0.010132626002853898,0.009132626002853899,0.43839454933173594,365.7434346634877,True
grid,141253.75446227554,0.025,0.00990197901503306,0.008901979015033059,0.4383408282131789,356.5175014295355,True
grid,149623.5656094433,0.025,0.009676582193619696,0.008676582193619695,0.4382839319954368,347.5015716767832,True
grid,158489.3192461114,0.025,0.009456316030235484,0.008456316030235483,0.4382236735584322,338.6908648829777,True
grid,167880.4018122559,0.025,0.00924106373684513,0.00824106373684513,0.4381598548244119,330.08070932862955,True
grid,177827.94100389228,0.025,0.009030711183833438,0.008030711183833437,0.43809226612564117,321.6665396194631,True
grid,188364.9089489802,0.025,0.008825146839492488,0.007825146839492488,0.438020685536912,313.4438942652364,True
grid,199526.2314968879,0.025,0.008624261710885896,0.007624261710885896,0.4379448781711129,305.40841331360696,True
grid,211348.90398366476,0.025,0.00842794928605945,0.007427949286059449,0.43786459543603157,297.555836037814,True
grid,223872.11385683378,0.025,0.008236105477567047,0.007236105477567047,0.43777957425052,289.88199867693237,True
grid,237137.37056616554,0.025,0.008048628567282053,0.007048628567282053,0.4376895362181085,282.3828322275002,True
grid,251188.6431509582,0.025,0.00786541915246505,0.0068654191524650495,0.43759418675608946,275.05436028535803,True
grid,266072.50597988087,0.025,0.007686380093059505,0.006686380093059505,0.4374932141780965,267.8926969365583,True
grid,281838.2931264455,0.025,0.0075114164601861105,0.0065114164601861105,0.43738628872815816,260.89404469617256,True
grid,298538.26189179573,0.025,0.007340435485810702,0.006340435485810702,0.4372730615642096,254.05469249399226,True
grid,316227.7660168379,0.025,0.007173346513557452,0.006173346513557452,0.4371531636890728,247.37101370598714,True
grid,334965.43915782793,0.025,0.007010060950641617,0.006010060950641617,0.43702620482692583,240.8394642304916,True
grid,354813.3892335753,0.025,0.006850492220896351,0.005850492220896351,0.4368917722433885,234.45658060809743,True
grid,375837.4042884443,0.025,0.0066945557188690516,0.0056945557188690515,0.43674942950740925,228.21897818426947,True
grid,398107.1705534969,0.025,0.00654216876496227,0.00554216876496227,0.4365987151933226,222.12334931368412,True
grid,421696.5034285823,0.025,0.006393250561595925,0.005393250561595925,0.4364391415216162,216.1664616053586,True
grid,446683.5921509635,0.025,0.006247722150367456,0.005247722150367456,0.4362701929372157,210.34515620763545,True
grid,473151.2589614803,0.025,0.006105506370186942,0.005105506370186942,0.4360913246244348,204.6563461321021,True
grid,501187.2336272725,0.025,0.005966527816365256,0.004966527816365256,0.4359019609581662,199.0970146155684,True
grid,530884.4442309879,0.025,0.0058307128006336,0.0048307128006336,0.43570149389141705,193.66421351923543,True
grid,562341.3251903491,0.025,0.005697989312072856,0.004697989312072856,0.43548928127998243,188.3550617641942,True
grid,595662.1435290109,0.025,0.005568286978932619,0.004568286978932619,0.4352646451458847,183.16674380245064,True
grid,630957.344480193,0.025,0.005441537031319038,0.004441537031319038,0.4350268698822324,178.09650812264374,True
grid,668343.9175686149,0.025,0.005317672264732168,0.004317672264732168,0.4347752004034275,173.14166578969017,True
grid,707945.7843841374,0.025,0.005196627004433189,0.004196627004433189,0.43450884024621966,168.29958901757377,True
grid,749894.2093324559,0.025,0.005078337070622874,0.004078337070622874,0.4342269496289815,163.56770977454397,True
grid,794328.2347242822,0.025,0.00496273974441259,0.00396273974441259,0.4339286434789293,158.94351841998252,True
grid,841395.1416451947,0.025,0.004849773734569827,0.0038497737345698268,0.43361298943982096,154.42456237223288,True
grid,891250.9381337459,0.025,0.004739379145020923,0.0037393791450209234,0.433279005876114,150.00844480671302,True
grid,944060.8762859226,0.025,0.004631497443093217,0.0036314974430932167,0.43292565989374004,145.6928233836224,True
grid,1000000.0,0.025,0.0045260714284804035,0.0035260714284804035,0.4325518654027483,141.47540900461888,True
grid,1059253.7251772897,0.025,0.004423045202914012,0.0034230452029140124,0.4321564812532423,137.35396459781373,True
grid,1122018.4543019629,0.025,0.004322364140525559,0.0033223641405255586,0.43173830948356784,133.3263039305059,True
grid,1188502.2274370189,0.025,0.004223974858883069,0.003223974858883069,0.4312960937288327,129.39029044905158,True
grid,1258925.411794166,0.025,0.004127825190687123,0.003127825190687123,0.43082851784901,125.54383614533393,True
grid,1333521.432163324,0.025,0.004033864156110898,0.0030338641561108983,0.43033420484942164,121.78490044928535,True
grid,1412537.5446227554,0.025,0.0039420419357701795,0.0029420419357701795,0.4298117161829786,118.11148914699015,True
grid,1496235.6560944328,0.025,0.003852309844308272,0.002852309844308272,0.429259551543779,114.52165332387466,True
grid,1584893.1924611141,0.025,0.0037646203045825456,0.0027646203045825456,0.42867614928642434,111.01348833258824,True
grid,1678804.018122559,0.025,0.0036789268224383265,0.0026789268224383265,0.42805988763572644,107.58513278516878,True
grid,1778279.410038923,0.025,0.003595183962057196,0.002595183962057196,0.42740908688871826,104.23476756917655,True
grid,1883649.089489802,0.025,0.0035133473218659783,0.0025133473218659783,0.4267220128566469,100.96061488749577,True
grid,1995262.3149688789,0.025,0.003433373510994885,0.002433373510994885,0.4259968818510048,97.7609373216464,True
grid,2113489.0398366475,0.025,0.003355220126270847,0.002355220126270847,0.4252318675872927,94.63403691842116,True
grid,2238721.138568338,0.025,0.0032788457297346744,0.0022788457297346744,0.42442511046633197,91.5782542998533,True
grid,2371373.7056616554,0.025,0.003204209826670539,0.002204209826670539,0.42357472979975,88.5919677966213,True
grid,2511886.4315095823,0.025,0.0031312728441345787,0.0021312728441345787,0.4226788396790529,85.6735926050622,True
grid,2660725.059798809,0.025,0.0030599961099732477,0.0020599961099732477,0.42173556935309786,82.821579968283,True
grid,2818382.931264455,0.025,0.002990341832318708,0.001990341832318708,0.4207430891854632,80.03441638193378,True
grid,2985382.618917957,0.025,0.00292227307955092,0.00192227307955092,0.41969964352199046,77.3106228255588,True
grid,3162277.6601683795,0.025,0.002855753760716132,0.001855753760716132,0.4186035921237745,74.64875402076905,True
grid,3349654.3915782794,0.025,0.0027907486063910346,0.0017907486063910346,0.4174534622299937,72.04739771787138,True
grid,3548133.892335753,0.025,0.0027272231499823594,0.0017272231499823594,0.41624801383148724,69.50517401312587,True
grid,3758374.0428844434,0.025,0.002665143709452236,0.0016651437094522361,0.4149863213896826,67.02073469947912,True
grid,3981071.7055349695,0.025,0.0026044773694595073,0.0016044773694595072,0.41366787606508054,64.59276265444537,True
grid,4216965.034285823,0.025,0.002545191963907953,0.001545191963907953,0.41229271357488834,62.219971269893,True
grid,4466835.921509635,0.025,0.002487256058890523,0.0014872560588905228,0.4108615741453537,59.90110392976626,True
grid,4731512.589614803,0.025,0.0024306389360236394,0.0014306389360236394,0.4093761027445632,57.63493354369014,True
grid,5011872.336272725,0.025,0.002375310576159255,0.001375310576159255,0.4078390999844144,55.42026214635462,True
grid,5308844.442309879,0.025,0.0023212416434687435,0.0013212416434687435,0.4062548369060249,53.25592057565576,True
grid,5623413.251903491,0.025,0.002268403469888082,0.001268403469888082,0.40462945049109256,51.14076824601437,True
grid,5956621.435290109,0.025,0.0022167680399185746,0.0012167680399185745,0.40297144140307894,49.07369303814606,True
grid,6309573.44480193,0.025,0.0021663079757714538,0.0011663079757714538,0.401292301448659,47.0536113323068,True
grid,6683439.175686149,0.025,0.002116996522852864,0.0011169965228528642,0.39960730592790233,45.079468220042465,True
grid,7079457.843841373,0.025,0.002068807535577939,0.001068807535577939,0.39793651586121864,43.150237938978776,True
grid,7498942.093324558,0.025,0.002021715463507617,0.0010217154635076171,0.3963060475814294,41.26492458788611,True
grid,7943282.347242822,0.025,0.0019756953378018854,0.0009756953378018854,0.3946213525996402,39.422434864675054,True
grid,8413951.416451948,0.025,0.0019307227579809952,0.0009307227579809952,0.3922801975040925,37.621190516743894,True
grid,8912509.381337458,0.025,0.0018867738789878111,0.0008867738789878111,0.38994411947787727,35.86089927899032,True
grid,9440608.762859225,0.025,0.0018438253985449708,0.0008438253985449708,0.3867702617606979,34.139786203559524,True
grid,10000000.0,0.025,0.0018018545447996811,0.0008018545447996811,0.38339597710581,32.45757776909306,True
grid,10592537.251772897,0.025,0.0017608390642497754,0.0007608390642497753,0.37945347324849604,30.813016043239507,True
grid,11220184.54301963,0.025,0.0017207572099445902,0.0007207572099445902,0.37476358620063066,29.205051983984234,True
grid,11885022.27437019,0.025,0.001681587729954198,0.000681587729954198,0.36991146690472415,27.63342066507264,True
grid,12589254.117941663,0.025,0.0016433098561019395,0.0006433098561019395,0.3637384824206099,26.096132726498187,True
grid,13335214.32163324,0.025,0.0016059032929523441,0.0006059032929523441,0.35716746912697506,24.593299187220737,True
grid,14125375.446227554,0.025,0.001569348207050822,0.0005693482070508219,0.3500671828258463,23.123995464858723,True
grid,14962356.560944328,0.025,0.0015336252164068417,0.0005336252164068417,0.3414855157290806,21.686494172002746,True
grid,15848931.924611142,0.025,0.001498715380217631,0.0004987153802176311,0.33251300908090925,20.28112821778615,True
grid,16788040.18122559,0.025,0.0014646001888260324,0.0004646001888260324,0.32270448541617514,18.90671203845747,True
grid,17782794.100389227,0.025,0.0014312615539061385,0.00043126155390613846,0.31133369490928037,17.561795851154816,True
grid,18836490.89489802,0.025,0.001398681798872438,0.00039868179887243794,0.29946149165183655,16.246733446549353,True
grid,19952623.149688788,0.025,0.0013668436495071058,0.0003668436495071058,0.2867838006360665,14.960529780920297,True
grid,21134890.398366477,0.025,0.0013357302248028285,0.0003357302248028285,0.27220606084005944,13.701415052953198,True
grid,22387211.385683376,0.025,0.0013053250280089554,0.00030532502800895535,0.25705734392744967,12.470058464285664,True
grid,23713737.056616552,0.025,0.0012756119378885878,0.0002756119378885878,0.24136230513775264,11.265839820681263,True
grid,25118864.315095823,0.025,0.0012465752001672974,0.0002465752001672974,0.22367098666257645,10.086678993354472,True
grid,26607250.597988084,0.025,0.0012181994191830204,0.0002181994191830204,0.20520501924779797,8.933181786568614,True
grid,28183829.31264455,0.025,0.0011904695497199124,0.00019046954971991235,0.18634213810399333,7.805124126900487,True
grid,29853826.189179573,0.025,0.001163370889035728,0.000163370889035728,0.16687765103810084,6.7017132124672205,True
grid,31622776.60168379,0.025,0.0011368890690608977,0.0001368890690608977,0.1461329744047149,5.621695736840622,True
grid,33496543.915782794,0.025,0.0011110100487842372,0.00011101004878423721,0.12603544068092062,4.5664373920504095,True
grid,35481338.92335753,0.025,0.0010857201068071292,8.572010680712918e-05,0.10761451248039414,3.5364187847655613,True
grid,37583740.42884443,0.025,0.0010610058340657042,6.100583406570413e-05,0.09232590784923901,2.5325592704774045,True
grid,39810717.05534969,0.025,0.0010368541267274831,3.685412672748312e-05,0.08270263902517733,1.556867708124502,True
grid,42169650.342858225,0.025,0.0010132521792371304,1.3252179237130401e-05,0.08344078134513452,0.6135279508303506,True
grid,44668359.21509635,0.025,0.0009901874775289452,-9.812522471054803e-06,0.09508763039346718,0.4875885292356593,True
grid,47315125.896148026,0.025,0.0009676477923929275,-3.2352207607072516e-05,0.11387526028920734,1.4079635645721078,True
grid,50118723.36272725,0.025,0.0009456211729897794,-5.4378827010220614e-05,0.13670297735534587,2.31185605776417,True
grid,53088444.423098795,0.025,0.0009240959405143229,-7.590405948567714e-05,0.1605761703005255,3.196738549727611,True
grid,56234132.51903491,0.025,0.0009030606820032696,-9.693931799673039e-05,0.18669886705263858,4.064271586921854,True
grid,59566214.35290109,0.025,0.0008825042442839646,-0.00011749575571603544,0.21071287109179074,4.910543099733208,True
grid,63095734.448019296,0.025,0.0008624157280616778,-0.00013758427193832218,0.23577661925238036,5.739147496785267,True
grid,66834391.756861486,0.025,0.0008427844821399909,-0.00015721551786000915,0.26014517036028045,6.548765884760646,True
grid,70794578.43841374,0.025,0.0008236000977704746,-0.0001763999022295254,0.2823297392222231,7.338325828403239,True
grid,74989420.93324558,0.025,0.000804852403138416,-0.00019514759686158404,0.3060823959663235,8.111986270429684,True
grid,79432823.47242822,0.025,0.0007865314579697322,-0.00021346854203026786,0.3266159257195389,8.865357606930253,True
grid,84139514.16451947,0.025,0.0007686275482570334,-0.00023137245174296658,0.3470354738197893,9.601933543538452,True
grid,89125093.8133746,0.025,0.0007511311811082844,-0.0002488688188917156,0.3687953387536845,10.323548094422307,True
grid,94406087.62859227,0.025,0.0007340330797177691,-0.0002659669202822309,0.38546048581134784,11.024137297100586,True
grid,100000000.0,0.025,0.0007173241784485217,-0.00028267582155147835,0.4031304187716887,11.710163280830821,True
grid,105925372.51772897,0.025,0.000700995618017214,-0.00029900438198278607,0.4222611681026063,12.38243644741405,True
grid,112201845.43019652,0.025,0.0006850387408078336,-0.0003149612591921664,0.43675110672225426,13.035201474408911,True
grid,118850222.74370165,0.025,0.0006694450862693138,-0.0003305549137306862,0.45223555323338566,13.674432102460834,True
grid,125892541.17941661,0.025,0.0006542063864454128,-0.0003457936135545872,0.46884619339911887,14.300590735582604,True
grid,133352143.2163324,0.025,0.000639314561567697,-0.00036068543843230307,0.4819420628734544,14.909359600165576,True
grid,141253754.46227553,0.025,0.0006247617157997486,-0.0003752382842002514,0.4945119057687208,15.504043273778777,True
grid,149623565.60944358,0.025,0.0006105401330256874,-0.00038945986697431264,0.5083107012424838,16.086705380214987,True
grid,158489319.2461111,0.025,0.0005966422727795941,-0.0004033577272204059,0.521956147490869,16.656265236307103,True
grid,167880401.8122559,0.025,0.0005830607662252078,-0.00041693923377479224,0.5323391836040733,17.209908534595762,True
grid,177827941.00389227,0.025,0.0005697884122733717,-0.00043021158772662833,0.5438620153104661,17.7523255243756,True
grid,188364908.9489802,0.025,0.0005568181737431544,-0.00044318182625684567,0.5563890426271776,18.283662092901004,True
grid,199526231.49688828,0.025,0.0005441431736462752,-0.00045585682635372485,0.5664995957266433,18.800772649875636,True
grid,211348903.98366433,0.025,0.0005317566915246024,-0.0004682433084753976,0.5745577576141493,19.30429009663005,True
grid,223872113.8568338,0.025,0.0005196521599052551,-0.00048034784009474496,0.5835612380557533,19.797474841845553,True
grid,237137370.56616554,0.025,0.0005078231608005333,-0.0004921768391994667,0.5935604480630372,20.280634016041706,True
grid,251188643.1509582,0.025,0.0004962634223262617,-0.0005037365776737383,0.6028880209837111,20.752351127933245,True
grid,266072505.9798814,0.025,0.0004849668153450445,-0.0005150331846549555,0.6095473112615147,21.210874697459737,True
grid,281838293.12644494,0.025,0.0004739273502576846,-0.0005260726497423154,0.6170706003780688,21.659976590070684,True
grid,298538261.8917957,0.025,0.0004631391737952895,-0.0005368608262047104,0.6255387834690488,22.099971831657466,True
grid,316227766.01683795,0.025,0.0004525965659100949,-0.0005474034340899051,0.6342078565000134,22.530345220096216,True
grid,334965439.1578279,0.025,0.00044229393677936324,-0.0005577060632206368,0.6390947656137476,22.94733729443922,True
grid,354813389.23357606,0.025,0.0004322258238158159,-0.000567774176184184,0.6434058171912291,23.35437286455859,True
grid,375837404.28844357,0.025,0.0004223868887602759,-0.0005776131112397241,0.6484045877805338,23.752929037369494,True
grid,398107170.5534969,0.025,0.0004127719149002979,-0.0005872280850997021,0.6541377831552748,24.143261187143356,True
grid,421696503.42858225,0.025,0.0004033758042264817,-0.0005966241957735183,0.6606577228828312,24.525625553823563,True
grid,446683592.1509635,0.025,0.00039419357482073277,-0.0006058064251792672,0.6651738781130956,24.897430885283782,True
grid,473151258.9614813,0.025,0.0003852203581217829,-0.0006147796418782171,0.6686662757472727,25.25985195087596,True
grid,501187233.6272715,0.025,0.0003764513964088252,-0.0006235486035911749,0.6727681214372079,25.614712265084204,True
grid,530884444.2309879,0.025,0.00036788204028580083,-0.0006321179597141991,0.6775479534855666,25.962266342053532,True
grid,562341325.1903491,0.025,0.0003595077461516378,-0.0006404922538483622,0.6830855347206425,26.30277568865513,True
grid,595662143.5290109,0.025,0.0003513240738510401,-0.0006486759261489599,0.6881167878150324,26.635153833773426,True
grid,630957344.4801943,0.025,0.00034332668428407393,-0.000656673315715926,0.689452525165776,26.956385153802817,True
grid,668343917.5686135,0.025,0.00033551133712913774,-0.0006644886628708623,0.690575308581999,27.270121823416492,True
grid,707945784.3841373,0.025,0.0003278738885937831,-0.0006721261114062169,0.6921384003858319,27.577182856634508,True
grid,749894209.3324559,0.025,0.00032041028919462086,-0.0006795897108053792,0.694176363163158,27.877764795378322,True
grid,794328234.7242821,0.025,0.0003131165816527522,-0.0006868834183472478,0.6967267273290404,28.17206346121895,True
grid,841395141.6451964,0.025,0.00030598889870043046,-0.0006940111012995696,0.6998312067447935,28.460275258727574,True
grid,891250938.1337441,0.025,0.00029902346119497163,-0.0007009765388050284,0.7030775604375323,28.742139112638668,True
grid,944060876.2859226,0.025,0.00029221657596024763,-0.0007077834240397523,0.7039837361775856,29.015320697767677,True
grid,1000000000.0,0.025,0.00028556463386242965,-0.0007144353661375704,0.7052273093752554,29.28264195487807,True
refined,43580649.6681502,0.025,0.001,0.0,0.08897136100248634,0.08897136100248634,True
grid,100000.0,0.05,0.01142911260183358,0.01042911260183358,0.438574173769296,417.6030782471125,True
grid,105925.37251772897,0.05,0.011168953727257127,0.010168953727257127,0.4385310883065912,407.1966801785917,True
grid,112201.84543019629,0.05,0.010914716791646956,0.009914716791646957,0.4384854569082744,397.02715712278655,True
grid,118850.22274370189,0.05,0.010666266995214614,0.009666266995214615,0.4384371295903739,387.089116938175,True
grid,125892.54117941661,0.05,0.010423472606589473,0.009423472606589472,0.4383859475907757,377.3772902111697,True
grid,133352.1432163324,0.05,0.010186204892972783,0.009186204892972782,0.43833174286286486,367.88652746177416,True
grid,141253.75446227554,0.05,0.009954338051882256,0.008954338051882255,0.4382743375409406,358.6117964128311,True
grid,149623.5656094433,0.05,0.00972774914444965,0.00872774914444965,0.43821354337596086,349.54817932136194,True
grid,158489.3192461114,0.05,0.00950631803023693,0.00850631803023693,0.43814916114012964,340.6908703706173,True
grid,167880.4018122559,0.05,0.009289927303536404,0.008289927303536403,0.43808097999878515,332.03517312145493,True
grid,177827.94100389228,0.05,0.009078462231120469,0.008078462231120468,0.43800877684798745,323.5764980216667,True
grid,188364.9089489802,0.05,0.008871810691408659,0.00787181069140866,0.43793231561617685,315.31035997196255,True
grid,199526.2314968879,0.05,0.008669863115019267,0.0076698631150192665,0.43785134652821767,307.23237594729886,True
grid,211348.90398366476,0.05,0.00847251242667419,0.0074725124266741905,0.4377656053301077,299.33826267229773,True
grid,223872.11385683378,0.05,0.008279653988426257,0.007279653988426257,0.4376748124726117,291.6238343495229,True
grid,237137.37056616554,0.05,0.008091185544178677,0.007091185544178677,0.4375786722520527,284.08500043939915,True
grid,251188.6431509582,0.05,0.00790700716546769,0.0069070071654676905,0.4374768719064789,276.7177634906141,True
grid,266072.50597988087,0.05,0.007727021198479114,0.006727021198479114,0.43736908066544916,269.51821701983,True
grid,281838.2931264455,0.05,0.007551132212270878,0.006551132212270878,0.4372549487516783,262.4825434395868,True
grid,298538.26189179573,0.05,0.007379246948174172,0.006379246948174172,0.43713410633285266,255.60701203329972,True
grid,316227.7660168379,0.05,0.0072112742703467824,0.006211274270346782,0.43700616242197915,248.88797697629326,True
grid,334965.43915782793,0.05,0.007047125117451555,0.006047125117451555,0.4368707037247367,242.3218754017869,True
grid,354813.3892335753,0.05,0.006886712455434879,0.005886712455434879,0.4367272934324443,235.9052255108276,True
grid,375837.4042884443,0.05,0.006729951231379977,0.005729951231379977,0.4365754699594399,229.63462472515855,True
grid,398107.1705534969,0.05,0.006576758328410949,0.005576758328410949,0.43641474562390137,223.50674788206183,True
grid,421696.5034285823,0.05,0.006427052521622829,0.005427052521622829,0.4362446052714537,217.51834547018458,True
grid,446683.5921509635,0.05,0.00628075443501532,0.00528075443501532,0.4360645048412736,211.6662419054541,True
grid,473151.2589614803,0.05,0.006137786499406354,0.005137786499406354,0.43587386987491333,205.94733384612906,True
grid,501187.2336272725,0.05,0.005998072911304114,0.004998072911304114,0.4356720939686028,200.35858854613315,True
grid,530884.4442309879,0.05,0.005861539592714871,0.004861539592714871,0.43545853717057026,194.8970422457654,True
grid,562341.3251903491,0.05,0.005728114151865824,0.004728114151865824,0.4352325243257637,189.5597985989587,True
grid,595662.1435290109,0.05,0.005597725844822184,0.004597725844822184,0.4349933433714489,184.3440271362588,True
grid,630957.344480193,0.05,0.005470305537977652,0.004470305537977652,0.4347402435884807,179.24696176269455,True
grid,668343.9175686149,0.05,0.005345785671398899,0.004345785671398899,0.4344724338145938,174.26589928977054,True
grid,707945.7843841374,0.05,0.005224100223004489,0.004224100223004489,0.4341890806280112,169.39819800080755,True
grid,749894.2093324559,0.05,0.005105184673558976,0.004105184673558976,0.4338893065119623,164.641276248871,True
grid,794328.2347242822,0.05,0.004988975972463975,0.003988975972463975,0.43357218801348535,159.99261108657248,True
grid,841395.1416451947,0.05,0.004875412504328014,0.003875412504328014,0.43323675391327593,155.44973692703383,True
grid,891250.9381337459,0.05,0.00476443405629706,0.0037644340562970596,0.4328819834273715,151.01024423530973,True
grid,944060.8762859226,0.05,0.004655981786129022,0.003655981786129022,0.43250680446637535,146.67177824962727,True
grid,1000000.0,0.05,0.004549998190994697,0.003549998190994697,0.4321100919837943,142.43203773177166,True
grid,1059253.7251772897,0.05,0.0044464270769890585,0.0034464270769890585,0.4316906664522015,138.28877374601453,True
grid,1122018.4543019629,0.05,0.004345213529336619,0.0033452135293366193,0.4312472925145113,134.23978846597927,True
grid,1188502.2274370189,0.05,0.00424630388327459,0.0032463038832745896,0.43077867786804114,130.2829340088516,True
grid,1258925.411794166,0.05,0.00414964569559947,0.00314964569559947,0.4302834724515941,126.41611129643039,True
grid,1333521.432163324,0.05,0.004055187716860712,0.0030551877168607123,0.4297602680210209,122.63726894244951,True
grid,1412537.5446227554,0.05,0.003962879864187653,0.0029628798641876527,0.4292075982171792,118.94440216572328,True
grid,1496235.6560944328,0.05,0.003872673194735015,0.002872673194735015,0.42862393925264397,115.33555172865324,True
grid,1584893.1924611141,0.05,0.0037845198797325156,0.0027845198797325156,0.42800771137083593,111.80880290067145,True
grid,1678804.018122559,0.05,0.003698373179125815,0.002698373179125815,0.42735728126451855,108.36228444629711,True
grid,1778279.410038923,0.05,0.003614187416793959,0.002614187416793959,0.42667096568128277,104.99416763743965,True
grid,1883649.089489802,0.05,0.0035319179563313287,0.0025319179563313286,0.425947036493444,101.70266528974658,True
grid,1995262.3149688789,0.05,0.0034515211773811557,0.0024515211773811557,0.4251837275708116,98.48603082281703,True
grid,2113489.0398366475,0.05,0.00337295445250697,0.00237295445250697,0.42437924386987574,95.34255734414867,True
grid,2238721.138568338,0.05,0.003296176124591381,0.002296176124591381,0.4235317732454456,92.27057675690068,True
grid,2371373.7056616554,0.05,0.0032211454847485385,0.0022211454847485385,0.42263950160499897,89.26845889154654,True
grid,2511886.4315095823,0.05,0.0031478227507400563,0.0021478227507400562,0.42170063216740783,86.33461066176966,True
grid,2660725.059798809,0.05,0.0030761690458819065,0.0020761690458819065,0.42071340976320637,83.46747524503947,True
grid,2818382.931264455,0.05,0.003006146378431239,0.002006146378431239,0.4196761513319279,80.66553128858148,True
grid,2985382.618917957,0.05,0.0029377176214429473,0.0019377176214429473,0.4185872840443589,77.92729214176225,True
grid,3162277.6601683795,0.05,0.0028708464930842586,0.0018708464930842585,0.417445392818191,75.25130511618853,True
grid,3349654.3915782794,0.05,0.002805497537397833,0.001805497537397833,0.4162492794225368,72.63615077533585,True
grid,3548133.892335753,0.05,0.002741636105502434,0.001741636105502434,0.414998035903514,70.08044225600086,True
grid,3758374.0428844434,0.05,0.002679228337221407,0.001679228337221407,0.41369113573939825,67.58282462459567,True
grid,3981071.7055349695,0.05,0.0026182411431300125,0.0016182411431300125,0.41232854698807214,65.14197427218858,True
grid,4216965.034285823,0.05,0.0025586421870106906,0.0015586421870106906,0.41091087277083693,62.756598353198456,True
grid,4466835.921509635,0.05,0.002500399868707919,0.0015003998687079189,0.40943952580843707,60.42543427412519,True
grid,4731512.589614803,0.05,0.002443483307373756,0.001443483307373756,0.4079169454684505,58.14724924041869,True
grid,5011872.336272725,0.05,0.0023878623250939584,0.0013878623250939584,0.4063468680019918,55.92083987176032,True
grid,5308844.442309879,0.05,0.0023335074308874315,0.0013335074308874315,0.40473466347457177,53.745031898971824,True
grid,5623413.251903491,0.05,0.0022803898050698193,0.0012803898050698192,0.403087756499223,51.618679959291995,True
grid,5956621.435290109,0.05,0.0022284812839728084,0.0012284812839728084,0.4014161524715277,49.54066751138386,True
grid,6309573.44480193,0.05,0.002177754345011545,0.001177754345011545,0.3997330968495404,47.50990689731133,True
grid,6683439.175686149,0.05,0.0021281820920913347,0.0011281820920913347,0.3980559024390101,45.5253395860924,True
grid,7079457.843841373,0.05,0.0020797382413475537,0.0010797382413475537,0.39640698902033944,43.58593664292249,True
grid,7498942.093324558,0.05,0.002032397107209235,0.001032397107209235,0.3948151914300239,41.69069947979943,True
grid,7943282.347242822,0.05,0.0019861335887807756,0.0009861335887807756,0.3927914460943837,39.838134997325405,True
grid,8413951.416451948,0.05,0.001940923156531789,0.000940923156531789,0.3904815785078128,38.02740783977937,True
grid,8912509.381337458,0.05,0.001896741839293263,0.0008967418392932629,0.38787041920275783,36.25754399093327,True
grid,9440608.762859225,0.05,0.0018535662115454637,0.0008535662115454637,0.38460444282289236,34.527252904641436,True
grid,10000000.0,0.05,0.0018113733809992337,0.0008113733809992337,0.3812813642164928,32.836216604185836,True
grid,10592537.251772897,0.05,0.0017701409764575978,0.0007701409764575978,0.3768744972466792,31.18251355555059,True
grid,11220184.54301963,0.05,0.0017298471359533463,0.0007298471359533463,0.37224425843426534,29.566129696568115,True
grid,11885022.27437019,0.05,0.0016904704951592286,0.0006904704951592286,0.36701419414000164,27.985834000509143,True
grid,12589254.117941663,0.05,0.0016519901760591296,0.0006519901760591296,0.3608008615512407,26.440407903916423,True
grid,13335214.32163324,0.05,0.0016143857758784195,0.0006143857758784195,0.35434387875657497,24.929774913893354,True
grid,14125375.446227554,0.05,0.0015776373562665668,0.0005776373562665668,0.34672655178825956,23.452220802450928,True
grid,14962356.560944328,0.05,0.001541725432724627,0.000541725432724627,0.33830177072763706,22.007319079712715,True
grid,15848931.924611142,0.05,0.0015066309642756028,0.0005066309642756028,0.32952924425346214,20.594767815277574,True
grid,16788040.18122559,0.05,0.0014723353433676127,0.0004723353433676127,0.31923141876732547,19.212645153471833,True
grid,17782794.100389227,0.05,0.0014388203860088594,0.00043882038600885935,0.30813038484440375,17.860945825198776,True
grid,18836490.89489802,0.05,0.0014060683221251374,0.0004060683221251374,0.2965829677367519,16.539315852742245,True
grid,19952623.149688788,0.05,0.0013740617861385646,0.0003740617861385646,0.2835003869408662,15.24597183248345,True
grid,21134890.398366477,0.05,0.0013427838077602406,0.0003427838077602406,0.26934998093606355,13.980702291345686,True
grid,22387211.385683376,0.05,0.0013122178029919861,0.0003122178029919861,0.254697799797187,12.74340991947663,True
grid,23713737.056616552,0.05,0.001282347565333,0.0002823475653329999,0.23902531671984772,11.532927930039843,True
grid,25118864.315095823,0.05,0.0012531572571889214,0.00025315725718892137,0.22170481725557029,10.347995104812425,True
grid,26607250.597988084,0.05,0.0012246314014710139,0.00022463140147101386,0.2039720166789873,9.18922807551954,True
grid,28183829.31264455,0.05,0.0011967548733933075,0.00019675487339330749,0.18594982815081276,8.056144763883113,True
grid,29853826.189179573,0.05,0.0011695128924512918,0.00016951289245129182,0.16660647131276235,6.947122169364435,True
grid,31622776.60168379,0.05,0.0011428910145867377,0.00014289101458673766,0.14695178979040116,5.862592373259908,True
grid,33496543.915782794,0.05,0.0011168751245273858,0.00011687512452738581,0.12809629325816915,4.803101274353601,True
grid,35481338.92335753,0.05,0.001091451428303642,9.145142830364189e-05,0.11105963667526264,3.7691167688209384,True
grid,37583740.42884443,0.05,0.001066606445936265,6.6606445936265e-05,0.09640942381301061,2.76066726126361,True
grid,39810717.05534969,0.05,0.0010423270042849782,4.232700428497818e-05,0.08782207806929876,1.7809022494684257,True
grid,42169650.342858225,0.05,0.0010186002300699411,1.860023006994109e-05,0.08856888044820206,0.8325780832458457,True
grid,44668359.21509635,0.05,0.0009954135430398255,-4.5864569601745606e-06,0.09931466245927842,0.2827729408662608,True
grid,47315125.896148026,0.05,0.0009727546493086815,-2.72453506913185e-05,0.11690947554478177,1.2067235031975216,True
grid,50118723.36272725,0.05,0.0009506115348289305,-4.938846517106956e-05,0.1390893085259796,2.1146279153687617,True
grid,53088444.423098795,0.05,0.0009289724590279369,-7.102754097206313e-05,0.16215772672998055,3.003259365612506,True
grid,56234132.51903491,0.05,0.000907825948583652,-9.217405141634806e-05,0.1873763308268529,3.874338387480775,True
grid,59566214.35290109,0.05,0.0008871607913350154,-0.00011283920866498459,0.21170407152731613,4.725272418126699,True
grid,63095734.448019296,0.05,0.0008669660303400375,-0.00013303396965996252,0.236004135416208,5.557362921814709,True
grid,66834391.756861486,0.05,0.0008472309580735885,-0.00015276904192641153,0.2609974725087504,6.371759149565211,True
grid,70794578.43841374,0.05,0.0008279451107339445,-0.00017205488926605548,0.2825830367288209,7.16477860737104,True
grid,74989420.93324558,0.05,0.0008090982627147459,-0.00019090173728525416,0.30569082244418677,7.941760313854353,True
grid,79432823.47242822,0.05,0.0007906804211642772,-0.00020931957883572286,0.3271295291099163,8.69991268253883,True
grid,84139514.16451947,0.05,0.0007726818206996361,-0.00022731817930036395,0.34700212177295936,9.439729293787517,True
grid,89125093.8133746,0.05,0.0007550929182244782,-0.00024490708177552184,0.3680579369926282,10.1643412080135,True
grid,94406087.62859227,0.05,0.0007379043878694048,-0.0002620956121305952,0.38582388077161667,10.869648365995422,True
grid,100000000.0,0.05,0.0007211071160518679,-0.0002788928839481321,0.403038226462615,11.5587535843879,True
grid,105925372.51772897,0.05,0.0007046921966319986,-0.00029530780336800143,0.4216663652048185,12.233978499924874,True
grid,112201845.43019652,0.05,0.0006886509262029498,-0.0003113490737970502,0.4372528919595923,12.8912158438416,True
grid,118850222.74370165,0.05,0.0006729747994688327,-0.0003270252005311673,0.4523756843189629,13.533383705565653,True
grid,125892541.17941661,0.05,0.0006576555047469032,-0.00034234449525309685,0.4682233669915741,14.162003177115448,True
grid,133352143.2163324,0.05,0.0006426849195371061,-0.0003573150804628939,0.48235173143736326,14.77495494995312,True
grid,141253754.46227553,0.05,0.0006280551062378616,-0.00037194489376213844,0.4946146966956973,15.372410447181235,True
grid,149623565.60944358,0.05,0.0006137583079322819,-0.0003862416920677181,0.5080622276030438,15.957729910311766,True
grid,158489319.2461111,0.05,0.0005997869442649633,-0.00040021305573503677,0.5226551631847103,16.53117739258618,True
grid,167880401.8122559,0.05,0.0005861336074365758,-0.0004138663925634242,0.5328260845666483,17.087481787103613,True
grid,177827941.00389227,0.05,0.0005727910582640646,-0.00042720894173593543,0.5440997922446437,17.632457461682062,True
grid,188364908.9489802,0.05,0.0005597522223547022,-0.0004402477776452978,0.5557827164580715,18.165693822269983,True
grid,199526231.49688828,0.05,0.0005470101863399586,-0.00045298981366004147,0.566867844193866,18.686460390595524,True
grid,211348903.98366433,0.05,0.0005345581942312438,-0.0004654418057687562,0.5747493112696608,19.192421542019908,True
grid,223872113.8568338,0.05,0.0005223896438099533,-0.0004776103561900467,0.5835395708185726,19.68795381842044,True
grid,237137370.56616554,0.05,0.0005104980831545853,-0.0004895019168454147,0.59328999109788,20.173366664914468,True
grid,251188643.1509582,0.05,0.000498877207201107,-0.000501122792798893,0.6035589480433164,20.648470659999038,True
grid,266072505.9798814,0.05,0.0004875208544066807,-0.0005124791455933193,0.6101106280301551,21.10927645176293,True
grid,281838293.12644494,0.05,0.00047642300348086313,-0.000523576996519137,0.6174982502479014,21.560578111013378,True
grid,298538261.8917957,0.05,0.0004655777702034337,-0.0005344222297965663,0.6258019344691313,22.002691126331783,True
grid,316227766.01683795,0.05,0.00045497940427455626,-0.0005450205957254438,0.6334562281539239,22.434280057171677,True
grid,334965439.1578279,0.05,0.00044462228631851527,-0.0005553777136814847,0.6393272839973974,22.854435831256783,True
grid,354813389.23357606,0.05,0.00043450092483263283,-0.0005654990751673672,0.6435629274962097,23.2635259341909,True
grid,375837404.28844357,0.05,0.00042460995335955395,-0.0005753900466404461,0.6484587339504247,23.664060599568266,True
grid,398107170.5534969,0.05,0.0004149441275516689,-0.0005850558724483312,0.6540611042255082,24.056296002158753,True
grid,421696503.42858225,0.05,0.0004054983224805265,-0.0005945016775194736,0.6604220720276541,24.440489172806597,True
grid,446683592.1509635,0.05,0.00039626752985253626,-0.0006037324701474638,0.6658333965975387,24.815132202496088,True
grid,473151258.9614813,0.05,0.00038724685536891713,-0.0006127531446310829,0.6693041061204312,25.179429891363746,True
grid,501187233.6272715,0.05,0.00037843151614372984,-0.0006215684838562702,0.6733647604368587,25.536104114687667,True
grid,530884444.2309879,0.05,0.0003698168381917303,-0.0006301831618082698,0.6780825213665438,25.885408993697336,True
grid,562341325.1903491,0.05,0.00036139825387163197,-0.000638601746128368,0.6835325877098944,26.227602432844613,True
grid,595662143.5290109,0.05,0.00035317129956504773,-0.0006468287004349523,0.6873440750246548,26.56049209242275,True
grid,630957344.4801943,0.05,0.00034513161320423667,-0.0006548683867957634,0.689513713335772,26.884249185166304,True
grid,668343917.5686135,0.05,0.00033727493205099935,-0.0006627250679490007,0.69064568888393,27.199648406843956,True
grid,707945784.3841373,0.05,0.0003295970903934241,-0.0006704029096065759,0.6921992018559175,27.50831558611895,True
grid,749894209.3324559,0.05,0.00032209401733452844,-0.0006779059826654716,0.6942079055052356,27.810447212124096,True
grid,794328234.7242821,0.05,0.00031476173464728505,-0.000685238265352715,0.6967085897288993,28.106239203837497,True
grid,841395141.6451964,0.05,0.0003075963546560927,-0.0006924036453439073,0.6997422803786345,28.39588809413492,True
grid,891250938.1337441,0.05,0.000300594078183053,-0.0006994059218169469,0.7033559242254711,28.679592796903346,True
grid,944060876.2859226,0.05,0.00029375119253005974,-0.0007062488074699403,0.7045762625143097,28.95452856131192,True
grid,1000000000.0,0.05,0.0002870640694991974,-0.0007129359305008026,0.7058545644571648,29.22329178448927,True
refined,44157957.40761106,0.05,0.0010000000000000002,2.168404344971009e-19,0.09646641335336749,0.09646641335337616,True
grid,100000.0,0.075,0.011491275016715305,0.010491275016715304,0.4385270022373534,420.0895276708495,True
grid,105925.37251772897,0.075,0.011229700914082307,0.010229700914082308,0.43848114503172003,409.62651770832406,True
grid,112201.84543019629,0.075,0.010974080964939207,0.009974080964939208,0.4384325805031474,399.40167117807147,True
grid,118850.22274370189,0.075,0.010724279636205414,0.009724279636205414,0.43838114945249523,389.409566597669,True
grid,125892.54117941661,0.075,0.0104801644799099,0.0094801644799099,0.4383266833988751,379.64490587979486,True
grid,133352.1432163324,0.075,0.010241606062965565,0.009241606062965566,0.4382690040486237,370.10251152267125,True
grid,141253.75446227554,0.075,0.010008477898542091,0.009008477898542092,0.43820792273523196,360.7773238644189,True
grid,149623.5656094433,0.075,0.00978065637900081,0.008780656379000811,0.4381432398287984,351.6643983998612,True
grid,158489.3192461114,0.075,0.009558020710356553,0.008558020710356554,0.43807474411356,342.75890315837574,True
grid,167880.4018122559,0.075,0.009340452848230837,0.008340452848230838,0.4380022121320197,334.0561161413655,True
grid,177827.94100389228,0.075,0.0091278374352633,0.0081278374352633,0.43792540749412867,325.5514228180261,True
grid,188364.9089489802,0.075,0.008920061739947742,0.007920061739947741,0.4378440801499837,317.24031367805964,True
grid,199526.2314968879,0.075,0.008717015596860216,0.007717015596860216,0.43775796562445685,309.11838184003307,True
grid,211348.90398366476,0.075,0.008518591348248047,0.007518591348248047,0.4376667842121661,301.1813207141341,True
grid,223872.11385683378,0.075,0.008324683786948155,0.007324683786948155,0.43757024013120005,293.4249217180574,True
grid,237137.37056616554,0.075,0.008135190100604865,0.007135190100604865,0.4374680206340136,285.8450720448286,True
grid,251188.6431509582,0.075,0.007950009817157487,0.006950009817157487,0.4373597950739373,278.43775248137337,True
grid,266072.50597988087,0.075,0.007769044751568574,0.006769044751568574,0.4372452139257957,271.1990352766687,True
grid,281838.2931264455,0.075,0.007592198953765192,0.006592198953765192,0.4371239077591902,264.1250820583669,True
grid,298538.26189179573,0.075,0.007419378657764316,0.006419378657764316,0.4369954861631062,257.2121417967357,True
grid,316227.7660168379,0.075,0.007250492231957347,0.006250492231957347,0.4368595366206321,250.4565488149145,True
grid,334965.43915782793,0.075,0.007085450130525969,0.006085450130525969,0.4367156233327395,243.85472084437146,True
grid,354813.3892335753,0.075,0.006924164845963362,0.005924164845963362,0.43656328599030597,237.40315712452477,True
grid,375837.4042884443,0.075,0.006766550862676767,0.005766550862676767,0.436402038493822,231.09843654556448,True
grid,398107.1705534969,0.075,0.006612524611645989,0.005612524611645989,0.43623136762056536,224.9372158334601,True
grid,421696.5034285823,0.075,0.0064620044261139665,0.0054620044261139665,0.4360507316394514,218.9162277761981,True
grid,446683.5921509635,0.075,0.006314910498285931,0.005314910498285931,0.43585955887427513,213.0322794903115,True
grid,473151.2589614803,0.075,0.006171164837014375,0.005171164837014375,0.43565724621668395,207.2822507267917,True
grid,501187.2336272725,0.075,0.006030691226446952,0.005030691226446952,0.43544315759098223,201.66309221546905,True
grid,530884.4442309879,0.075,0.0058934151856159635,0.0048934151856159635,0.4352166223737861,196.1718240470123,True
grid,562341.3251903491,0.075,0.005759263928947504,0.004759263928947504,0.4349769337726281,190.80553409167277,True
grid,595662.1435290109,0.075,0.0056281663276695655,0.0046281663276695655,0.4347233471689698,185.5613764539516,True
grid,630957.344480193,0.075,0.005500052872098676,0.004500052872098676,0.4344550784326266,180.43656996237965,True
grid,668343.9175686149,0.075,0.005374855634784915,0.004374855634784915,0.4341713022165537,175.42839669361317,True
grid,707945.7843841374,0.075,0.005252508234495879,0.004252508234495879,0.4338711502431742,170.5342005300783,True
grid,749894.2093324559,0.075,0.005132945801020469,0.0041329458010204686,0.43355370959620254,165.75138575041493,True
grid,794328.2347242822,0.075,0.0050161049407738655,0.0040161049407738654,0.433218021035129,161.07741565198972,True
grid,841395.1416451947,0.075,0.004901923703185373,0.0039019237031853726,0.4328630773534642,156.50981120476837,True
grid,891250.9381337459,0.075,0.004790341547851468,0.003790341547851468,0.4324878218064822,152.0461497358652,True
grid,944060.8762859226,0.075,0.004681299312436436,0.003681299312436436,0.43209114663980663,147.68406364409725,True
grid,1000000.0,0.075,0.004574739181303706,0.003574739181303706,0.4316718917568536,143.42123914390507,True
grid,1059253.7251772897,0.075,0.004470604654861237,0.003470604654861237,0.4312288435711786,139.25541503802063,True
grid,1122018.4543019629,0.075,0.0043688405196047496,0.0033688405196047495,0.43076073409940013,135.18438151828937,True
grid,1188502.2274370189,0.075,0.004269392818842714,0.0032693928188427136,0.43026624036194255,131.20597899407048,True
grid,1258925.411794166,0.075,0.004172208824087877,0.003172208824087877,0.4297439841727822,127.31809694768786,True
grid,1333521.432163324,0.075,0.0040772370070997705,0.0030772370070997705,0.4291925324161347,123.51867281640695,True
grid,1412537.5446227554,0.075,0.003984427012563926,0.002984427012563926,0.42861039792833683,119.80569090048537,True
grid,1496235.6560944328,0.075,0.003893729631392833,0.002893729631392833,0.4279960411276249,116.17718129684093,True
grid,1584893.1924611141,0.075,0.00380509677463432,0.0028050967746343198,0.4273478725642736,112.63121885793706,True
grid,1678804.018122559,0.075,0.003718481447974617,0.002718481447974617,0.4266642565995474,109.16592217558423,True
grid,1778279.410038923,0.075,0.003633837726821089,0.002633837726821089,0.4259435164658196,105.77945258930937,True
grid,1883649.089489802,0.075,0.00355112073195237,0.00255112073195237,0.4251839410136476,102.47001321910844,True
grid,1995262.3149688789,0.075,0.0034702866057228473,0.0024702866057228472,0.4243837935169228,99.23584802243082,True
grid,2113489.0398366475,0.075,0.0033912924888088664,0.0023912924888088664,0.4235413229872073,96.07524087534186,True
grid,2238721.138568338,0.075,0.0033140964974840105,0.0023140964974840104,0.4226547785465381,92.98651467790695,True
grid,2371373.7056616554,0.075,0.0032386577014118794,0.0022386577014118793,0.4217224275287859,89.96803048400396,True
grid,2511886.4315095823,0.075,0.0031649361019441802,0.00216493610194418,0.42074257812865956,87.01818665589586,True
grid,2660725.059798809,0.075,0.0030928926109131593,0.0020928926109131593,0.4197136076016398,84.135418044128,True
grid,2818382.931264455,0.075,0.003022489029906196,0.002022489029906196,0.41863399724649764,81.31819519349435,True
grid,2985382.618917957,0.075,0.002953688030012806,0.001953688030012806,0.41750237568577436,78.565023576198,True
grid,3162277.6601683795,0.075,0.0028864531320319754,0.0018864531320319754,0.41631757231304317,75.87444285359206,True
grid,3349654.3915782794,0.075,0.0028207486871310726,0.0018207486871310726,0.41507868321713154,73.24502616846003,True
grid,3548133.892335753,0.075,0.0027565398579435067,0.0017565398579435067,0.41378515244590447,70.67537947018617,True
grid,3758374.0428844434,0.075,0.002693792600098262,0.0016937926000982618,0.4124368721652372,68.1641408760957,True
grid,3981071.7055349695,0.075,0.002632473644168552,0.001632473644168552,0.4110343061401306,65.7099800728822,True
grid,4216965.034285823,0.075,0.0025725504780324373,0.0015725504780324372,0.4095786420624391,63.31159776335993,True
grid,4466835.921509635,0.075,0.00251399132963391,0.0015139913296339101,0.408071979634685,60.96772516499109,True
grid,4731512.589614803,0.075,0.002456765150137521,0.001456765150137521,0.4065175630693862,58.677123568570224,True
grid,5011872.336272725,0.075,0.0024008415974652187,0.0014008415974652187,0.40492006887681475,56.438583967485556,True
grid,5308844.442309879,0.075,0.0023461910202093434,0.0013461910202093434,0.4032859626149497,54.250926770988684,True
grid,5623413.251903491,0.075,0.002292784441910253,0.0012927844419102531,0.40162394181850375,52.11300161822863,True
grid,5956621.435290109,0.075,0.002240593545693333,0.0012405935456933329,0.39994548680096725,50.02368731453428,True
grid,6309573.44480193,0.075,0.002189590659254534,0.0011895906592545341,0.39826554666754965,47.981891916848916,True
grid,6683439.175686149,0.075,0.002139748740188383,0.0011397487401883831,0.39660339496501995,45.986553002500344,True
grid,7079457.843841373,0.075,0.00209104136164956,0.0010910413616495602,0.39498369824532714,44.03663816422773,True
grid,7498942.093324558,0.075,0.0020434426983413126,0.0010434426983413126,0.3933746932698885,42.13108262692239,True
grid,7943282.347242822,0.075,0.0019969275128223726,0.0009969275128223726,0.39109178344267587,40.268192296337574,True
grid,8413951.416451948,0.075,0.001951471142125602,0.000951471142125602,0.38882260633938226,38.44766829136346,True
grid,8912509.381337458,0.075,0.0019070494846816532,0.0009070494846816532,0.3858393494666339,36.66781873673276,True
grid,9440608.762859225,0.075,0.0018636389875396839,0.0008636389875396838,0.3826139343681336,34.92817343595548,True
grid,10000000.0,0.075,0.0018212166338794076,0.0008212166338794076,0.3789467534160194,33.22761210859232,True
grid,10592537.251772897,0.075,0.0017797599308074278,0.0007797599308074278,0.3745163407333486,31.564913573030456,True
grid,11220184.54301963,0.075,0.0017392468974310985,0.0007392468974310984,0.3699595004531606,29.939835397697095,True
grid,11885022.27437019,0.075,0.0016996560532038395,0.0006996560532038394,0.3642712548979257,28.350513383051503,True
grid,12589254.117941663,0.075,0.0016609664065357112,0.0006609664065357112,0.3581540163979495,26.796810277826395,True
grid,13335214.32163324,0.075,0.001623157443664661,0.000623157443664661,0.35167802459871245,25.277975771185154,True
grid,14125375.446227554,0.075,0.0015862091177773943,0.0005862091177773943,0.343739871380026,23.792104582475798,True
grid,14962356.560944328,0.075,0.0015501018383826397,0.0005501018383826397,0.33548625655044173,22.33955979185603,True
grid,15848931.924611142,0.075,0.001514816460922928,0.000514816460922928,0.32660856977118896,20.919267006688308,True
grid,16788040.18122559,0.075,0.00148033427662415,0.00048033427662415003,0.31619187695663586,19.529562941922638,True
grid,17782794.100389227,0.075,0.0014466370025759169,0.00044663700257591686,0.30537116607979264,18.17085126911647,True
grid,18836490.89489802,0.075,0.001413706772037122,0.00041370677203712196,0.29398071775006557,16.842251599234945,True
grid,19952623.149688788,0.075,0.0013815261249635299,0.00038152612496352985,0.28072005505626557,15.541765053597459,True
grid,21134890.398366477,0.075,0.0013500779987507456,0.0003500779987507456,0.26700006810725013,14.270120018137074,True
grid,22387211.385683376,0.075,0.0013193457191853207,0.00031934571918532063,0.2528454519900971,13.026674219402922,True
grid,23713737.056616552,0.075,0.001289312991606307,0.00028931299160630695,0.23696498553638132,11.80948464978866,True
grid,25118864.315095823,0.075,0.0012599638922634476,0.0002599638922634476,0.22027843561582575,10.618834126153729,True
grid,26607250.597988084,0.075,0.0012312828598767423,0.00023128285987674226,0.2032662369601374,9.454580632029828,True
grid,28183829.31264455,0.075,0.0012032546873822787,0.00020325468738227864,0.1858109785293371,8.315998473820482,True
grid,29853826.189179573,0.075,0.001175864513871869,0.00017586451387186907,0.1668553620818387,7.201435916956601,True
grid,31622776.60168379,0.075,0.0011490978167139872,0.00014909781671398718,0.1482444500407126,6.1121571186002,True
grid,33496543.915782794,0.075,0.0011229404038500422,0.00012294040385004215,0.13056054186490706,5.048176695866593,True
grid,35481338.92335753,0.075,0.0010973784062749167,9.737840627491666e-05,0.1144703131007921,4.009606564097458,True
grid,37583740.42884443,0.075,0.0010723982706783211,7.239827067832111e-05,0.10064898081715322,2.9965798079499977,True
grid,39810717.05534969,0.075,0.0010479867522619171,4.798675226191712e-05,0.09290607133666164,2.0123761618133464,True
grid,42169650.342858225,0.075,0.0010241309077162078,2.4130907716207782e-05,0.09360182989641914,1.0588381385447303,True
grid,44668359.21509635,0.075,0.0010008180883548867,8.180883548866442e-07,0.10341344198781163,0.13613697618327741,True
grid,47315125.896148026,0.075,0.0009780359334137466,-2.1964066586253406e-05,0.11980763599759997,0.9983702994477361,True
grid,50118723.36272725,0.075,0.0009557723634929534,-4.4227636507046596e-05,0.14088415957649103,1.9099896198583548,True
grid,53088444.423098795,0.075,0.0009340155741516486,-6.598442584835142e-05,0.16362266170221873,2.8029996956362755,True
grid,56234132.51903491,0.075,0.0009127540296541785,-8.72459703458215e-05,0.18798119507097902,3.6778200089038386,True
grid,59566214.35290109,0.075,0.0008919764568454732,-0.00010802354315452684,0.21257451294821525,4.533516239129289,True
grid,63095734.448019296,0.075,0.0008716718391850175,-0.00012832816081498257,0.23612094844843518,5.369247381047738,True
grid,66834391.756861486,0.075,0.0008518294108918577,-0.00014817058910814235,0.2611859067147147,6.1880094710404085,True
grid,70794578.43841374,0.075,0.0008324386512497061,-0.00016756134875029393,0.2827172442654316,6.985171194277188,True
grid,74989420.93324558,0.075,0.0008134892790217698,-0.00018651072097823022,0.30521333010900986,7.765642169238218,True
grid,79432823.47242822,0.075,0.0007949712469991596,-0.0002050287530008404,0.3275232809687552,8.52867340100237,True
grid,84139514.16451947,0.075,0.0007768747366767614,-0.00022312526332323866,0.34675809064374635,9.271768623573292,True
grid,89125093.8133746,0.075,0.000759190153045889,-0.00024080984695411104,0.36725113657645264,9.999645014740894,True
grid,94406087.62859227,0.075,0.0007419081195021786,-0.00025809188049782147,0.38607630099545626,10.709751520908315,True
grid,100000000.0,0.075,0.0007250194728875957,-0.00027498052711240437,0.40285707267023796,11.402078157166413,True
grid,105925372.51772897,0.075,0.0007085152586157618,-0.00029148474138423824,0.4210079205787974,12.080397575948325,True
grid,112201845.43019652,0.075,0.0006923867259340896,-0.00030761327406591047,0.4376548543979357,12.742185817034354,True
grid,118850222.74370165,0.075,0.0006766253232830248,-0.0003233746767169752,0.4521881926972538,13.38717526137626,True
grid,125892541.17941661,0.075,0.0006612226937548153,-0.00033877730624518477,0.4675534550825858,14.018645704889975,True
grid,133352143.2163324,0.075,0.0006461706706729655,-0.00035382932932703456,0.48267696587267134,14.635850138954053,True
grid,141253754.46227553,0.075,0.0006314612732526601,-0.0003685387267473399,0.49464656648631294,15.23619563637991,True
grid,149623565.60944358,0.075,0.0006170867023841905,-0.0003829132976158095,0.5077595606619325,15.824291465294312,True
grid,158489319.2461111,0.075,0.0006030393364721475,-0.0003969606635278525,0.5220666546024384,16.400493195716535,True
grid,167880401.8122559,0.075,0.0005893117274215137,-0.00041068827257848635,0.5332390359603322,16.960769939099784,True
grid,177827941.00389227,0.075,0.0005758965966688501,-0.00042410340333114995,0.5441682806365169,17.508304413882513,True
grid,188364908.9489802,0.075,0.0005627868313397343,-0.00043721316866026576,0.5551623028581006,18.04368904926873,True
grid,199526231.49688828,0.075,0.0005499754804549531,-0.0004500245195450469,0.5671873569580711,18.568168138759948,True
grid,211348903.98366433,0.075,0.0005374557512734839,-0.0004625442487265161,0.5748984357973188,19.076668384857964,True
grid,223872113.8568338,0.075,0.0005252210056711123,-0.0004747789943288877,0.583484488616409,19.574644261771915,True
grid,237137370.56616554,0.075,0.0005132647566148899,-0.0004867352433851101,0.592997498715094,20.062407234119497,True
grid,251188643.1509582,0.075,0.0005015806647480198,-0.0004984193352519802,0.6034969238919626,20.540270333971172,True
grid,266072505.9798814,0.075,0.000490162535012185,-0.000509837464987815,0.6106248210702132,21.004123420582815,True
grid,281838293.12644494,0.075,0.0004790043133557601,-0.00052099568664424,0.6178807900987872,21.457708255868386,True
grid,298538261.8917957,0.075,0.0004681000835558849,-0.0005318999164441151,0.6254074416542579,21.901404099418862,True
grid,316227766.01683795,0.075,0.0004574440640291542,-0.0005425559359708459,0.63273422012563,22.334971658959464,True
grid,334965439.1578279,0.075,0.0004470306048281773,-0.0005529693951718227,0.6395501360976356,22.758325942970544,True
grid,354813389.23357606,0.075,0.00043685418458983964,-0.0005631458154101603,0.6437114764527606,23.169544092859173,True
grid,375837404.28844357,0.075,0.00042690940764198945,-0.0005730905923580106,0.6485074612053195,23.572131155525742,True
grid,398107170.5534969,0.075,0.00041719100114275356,-0.0005828089988572465,0.6539840416736328,23.966343995963488,True
grid,421696503.42858225,0.075,0.00040769381224866426,-0.0005923061877513358,0.6601928096768584,24.352440319730288,True
grid,446683592.1509635,0.075,0.00039841280542308885,-0.0006015871945769112,0.6664667261089707,24.72995450918542,True
grid,473151258.9614813,0.075,0.0003893430597719853,-0.0006106569402280147,0.6699137674558443,25.09619137657643,True
grid,501187233.6272715,0.075,0.00038047976637937503,-0.0006195202336206249,0.6739323001665734,25.454741644991568,True
grid,530884444.2309879,0.075,0.0003718182258238901,-0.00062818177417611,0.6785880043910809,25.805858971435477,True
grid,562341325.1903491,0.075,0.0003633538456271126,-0.0006366461543728873,0.6829416625580758,26.148787837473566,True
grid,595662143.5290109,0.075,0.0003550821378757847,-0.0006449178621242154,0.6866344685683211,26.483348953536936,True
grid,630957344.4801943,0.075,0.0003469987167833672,-0.0006530012832166328,0.689599303070227,26.80965063173554,True
grid,668343917.5686135,0.075,0.0003390992964393509,-0.000660900703560649,0.6907372709218188,27.12676541334778,True
grid,707945784.3841373,0.075,0.00033137968843466244,-0.0006686203115653375,0.6922794638839934,27.43709192649749,True
grid,749894209.3324559,0.075,0.0003238357997585379,-0.0006761642002414621,0.694258623388198,27.74082663304668,True
grid,794328234.7242821,0.075,0.0003164636305204478,-0.0006835363694795522,0.6967107485391494,28.038165527721237,True
grid,841395141.6451964,0.075,0.00030925927192757355,-0.0006907407280724265,0.6996761025980549,28.329305225495112,True
grid,891250938.1337441,0.075,0.000302218904103956,-0.000697781095896044,0.7032006915285721,28.61444452737033,True
grid,944060876.2859226,0.075,0.00029533879415129493,-0.0007046612058487051,0.7051611568976786,28.891609390845883,True
grid,1000000000.0,0.075,0.00028861529417479714,-0.0007113847058252029,0.7064697011020431,29.16185793411016,True
refined,44759768.9081342,0.075,0.001,0.0,0.10391616662438433,0.10391616662438433,True
grid,100000.0,0.1,0.01155526459410952,0.01055526459410952,0.4384798687979776,422.64906363317874,True
grid,105925.37251772897,0.1,0.011292233680998666,0.010292233680998665,0.4384312444762581,412.12777848442283,True
grid,112201.84543019629,0.1,0.011035190082432715,0.010035190082432716,0.43837975200485735,401.8459830493135,True
grid,118850.22274370189,0.1,0.010783997510493394,0.009783997510493393,0.43832522303712484,391.7982256427728,True
grid,125892.54117941661,0.1,0.010538522779553946,0.009538522779553946,0.4382674794491653,381.979178661607,True
grid,133352.1432163324,0.1,0.010298635735662918,0.009298635735662919,0.4382063327851219,372.38363575930185,True
grid,141253.75446227554,0.1,0.010064209187534355,0.009064209187534356,0.43814158367268524,363.0065090850469,True
grid,149623.5656094433,0.1,0.00983511883910935,0.008835118839109351,0.4380730212074604,353.84282658558146,True
grid,158489.3192461114,0.1,0.00961124322365293,0.00861124322365293,0.4380004223047862,344.887729368422,True
grid,167880.4018122559,0.1,0.00939246363935034,0.00839246363935034,0.437923551017599,336.13646912503117,True
grid,177827.94100389228,0.1,0.009178664086370119,0.008178664086370118,0.43784215781888136,327.5844056126236,True
grid,188364.9089489802,0.1,0.008969731205359297,0.007969731205359296,0.4377559788472614,319.22700419321905,True
grid,199526.2314968879,0.1,0.008765554217338814,0.007765554217338814,0.43766473511430753,311.0598334286668,True
grid,211348.90398366476,0.1,0.00856602486496702,0.00756602486496702,0.437568131672073,303.07856273035287,True
grid,223872.11385683378,0.1,0.008371037355140195,0.007371037355140195,0.4374658567394955,295.27896006234727,True
grid,237137.37056616554,0.1,0.008180488302899667,0.007180488302899667,0.43735758078626363,287.65688969677296,True
grid,251188.6431509582,0.1,0.007994276676615772,0.006994276676615772,0.43724295557286663,280.2083100202037,True
grid,266072.50597988087,0.1,0.007812303744419376,0.0068123037444193756,0.4371216131456015,272.92927138992064,True
grid,281838.2931264455,0.1,0.00763447302185346,0.00663447302185346,0.4369931647854373,265.81591403892384,True
grid,298538.26189179573,0.1,0.007460690220714776,0.006460690220714776,0.43685719990981103,258.86446602850083,True
grid,316227.7660168379,0.1,0.00729086319906178,0.00629086319906178,0.4367132849265789,252.07124124739778,True
grid,334965.43915782793,0.1,0.007124901912359787,0.006124901912359787,0.4365609620396407,245.4326374564311,True
grid,354813.3892335753,0.1,0.006962718365737737,0.005962718365737737,0.4363997480060018,238.94513437751547,True
grid,375837.4042884443,0.1,0.0068042265673325135,0.0058042265673325134,0.43622913284444886,232.605291826145,True
grid,398107.1705534969,0.1,0.0066493424826946585,0.0056493424826946585,0.4360485784964253,226.40974788628273,True
grid,421696.5034285823,0.1,0.006497983990232407,0.005497983990232407,0.4358575174402479,220.3552171267365,True
grid,446683.5921509635,0.1,0.006350070837669565,0.005350070837669565,0.43565535126045624,214.43848885804306,True
grid,473151.2589614803,0.1,0.006205524599494803,0.005205524599494803,0.4354414491748422,208.65642542896697,True
grid,501187.2336272725,0.1,0.006064268635379333,0.005064268635379333,0.43521514652266846,203.00596056169596,True
grid,530884.4442309879,0.1,0.005926228049541232,0.004926228049541232,0.4349757432186684,197.48409772486792,True
grid,562341.3251903491,0.1,0.005791329651034688,0.004791329651034688,0.4347225021787501,192.08790854356627,True
grid,595662.1435290109,0.1,0.005659501914943265,0.004659501914943265,0.4344546477249028,186.8145312454555,True
grid,630957.344480193,0.1,0.005530674944456297,0.004530674944456297,0.43417136397868555,181.66116914223056,True
grid,668343.9175686149,0.1,0.005404780433808842,0.004404780433808842,0.43387179325486247,176.62508914560854,True
grid,707945.7843841374,0.1,0.0052817516320649086,0.0042817516320649085,0.43355503446944094,171.70362031706577,True
grid,749894.2093324559,0.1,0.005161523307725332,0.004161523307725332,0.43322014157945854,166.8941524505927,True
grid,794328.2347242822,0.1,0.005044031714141169,0.004044031714141169,0.43286612207561337,162.19413468772237,True
grid,841395.1416451947,0.1,0.0049292145557143065,0.0039292145557143065,0.43249193555325016,157.60107416412552,True
grid,891250.9381337459,0.1,0.004817010954867518,0.0038170109548675184,0.43209649239247927,153.11253468709322,True
grid,944060.8762859226,0.1,0.004707361419766494,0.0037073614197664943,0.4316786525844545,148.7261354432442,True
grid,1000000.0,0.1,0.004600207812776335,0.003600207812776335,0.43123722474832377,144.4395497358017,True
grid,1059253.7251772897,0.1,0.0044954933196362165,0.0034954933196362165,0.43077096539223503,140.2505037508409,True
grid,1122018.4543019629,0.1,0.004393162419335886,0.0033931624193358862,0.430278578482427,136.15677535191787,True
grid,1188502.2274370189,0.1,0.004293160854677441,0.0032931608546774406,0.4297587153971301,132.15619290249475,True
grid,1258925.411794166,0.1,0.004195435603507619,0.003195435603507619,0.42920997535723276,128.24663411566198,True
grid,1333521.432163324,0.1,0.004099934850604725,0.003099934850604725,0.42863090644392277,124.42602493063292,True
grid,1412537.5446227554,0.1,0.0040066079602054955,0.0030066079602054955,0.4280200073354973,120.69233841555531,True
grid,1496235.6560944328,0.1,0.003915405449157232,0.0029154054491572316,0.42737572992192224,117.04359369621118,True
grid,1584893.1924611141,0.1,0.003826278960681374,0.002826278960681374,0.4266964829876963,113.47785491024266,True
grid,1678804.018122559,0.1,0.0037391812387340333,0.0027391812387340332,0.4259806371921026,109.99323018655342,True
grid,1778279.410038923,0.1,0.003654066102950133,0.002654066102950133,0.425226531622729,106.58787064962803,True
grid,1883649.089489802,0.1,0.0035708884241580745,0.0025708884241580745,0.42443248225491875,103.25996944857789,True
grid,1995262.3149688789,0.1,0.003489604100451617,0.002489604100451617,0.42359679271895484,100.00776081078362,True
grid,2113489.0398366475,0.1,0.0034101700338063454,0.0024101700338063454,0.42271776786116266,96.82951912011497,True
grid,2238721.138568338,0.1,0.003332544107228676,0.002332544107228676,0.4217937306883071,93.72355801983534,True
grid,2371373.7056616554,0.1,0.0032566851624249065,0.0022566851624249065,0.4208230434111965,90.68822954040745,True
grid,2511886.4315095823,0.1,0.003182552977978305,0.002182552977978305,0.4198041334589324,87.72192325259114,True
grid,2660725.059798809,0.1,0.00311010824802349,0.00211010824802349,0.41873552552687043,84.82306544646647,True
grid,2818382.931264455,0.1,0.003039312561405654,0.002039312561405654,0.4176158809580163,81.99011833718416,True
grid,2985382.618917957,0.1,0.002970128381314728,0.001970128381314728,0.41644404605062824,79.22157929863974,True
grid,3162277.6601683795,0.1,0.0029025190253825677,0.0019025190253825677,0.41521911124840494,76.51598012655111,True
grid,3349654.3915782794,0.1,0.002836448646233823,0.001836448646233823,0.4139404836219632,73.87188633297488,True
grid,3548133.892335753,0.1,0.0027718822124789128,0.0017718822124789127,0.41260797561412127,71.28789647477063,True
grid,3758374.0428844434,0.1,0.0027087854901400293,0.0017087854901400292,0.411221913725769,68.76264151932693,True
grid,3981071.7055349695,0.1,0.002647125024499756,0.001647125024499756,0.40978327170044804,66.29478425169069,True
grid,4216965.034285823,0.1,0.0025868681223629834,0.0015868681223629834,0.40829383387049656,63.88301872838983,True
grid,4466835.921509635,0.1,0.0025279828347227083,0.0015279828347227083,0.4067563957141515,61.52606978462248,True
grid,4731512.589614803,0.1,0.002470437939819948,0.0014704379398199478,0.40517501041488757,59.22269260321279,True
grid,5011872.336272725,0.1,0.0024142029265898073,0.0014142029265898073,0.40355529240346866,56.97167235599576,True
grid,5308844.442309879,0.1,0.002359247978483731,0.0013592479784837312,0.40190479161391374,54.77182393096316,True
grid,5623413.251903491,0.1,0.0023055439576608657,0.0013055439576608657,0.40023345563740576,52.62199176207203,True
grid,5956621.435290109,0.1,0.002253062389538604,0.0012530623895386042,0.39855420128312125,50.52104978282728,True
grid,6309573.44480193,0.1,0.002201775447694804,0.001201775447694804,0.3968836224540583,48.46790153024621,True
grid,6683439.175686149,0.1,0.002151655939114021,0.001151655939114021,0.39524286795126523,46.461480432512104,True
grid,7079457.843841373,0.1,0.0021026772897693702,0.0011026772897693702,0.39365873108645194,44.50075032186126,True
grid,7498942.093324558,0.1,0.0020548135305326065,0.0010548135305326065,0.391764122970311,42.58430534427457,True
grid,7943282.347242822,0.1,0.0020080392834051332,0.0010080392834051332,0.38951249324729176,40.71108382945262,True
grid,8413951.416451948,0.1,0.001962329748061974,0.000962329748061974,0.38709353927274004,38.880283461751695,True
grid,8912509.381337458,0.1,0.0019176606887024961,0.0009176606887024961,0.3839588464617357,37.090386394561584,True
grid,9440608.762859225,0.1,0.0018740084211998692,0.0008740084211998692,0.3807839705062379,35.341120818501004,True
grid,10000000.0,0.1,0.0018313498005444197,0.0008313498005444197,0.37672931174472973,33.63072133352152,True
grid,10592537.251772897,0.1,0.001789662208570749,0.000789662208570749,0.3723591346739931,31.95884747750395,True
grid,11220184.54301963,0.1,0.001748923541965398,0.000748923541965398,0.3675904741740594,30.324532152789978,True
grid,11885022.27437019,0.1,0.0017091122005487335,0.0007091122005487335,0.36177738803046844,28.726265409979806,True
grid,12589254.117941663,0.1,0.0016702070758200795,0.0006702070758200795,0.35576868689197555,27.164051719695152,True
grid,13335214.32163324,0.1,0.0016321875397674428,0.0006321875397674427,0.34886060674846053,25.636362197446168,True
grid,14125375.446227554,0.1,0.0015950334339294096,0.0005950334339294096,0.34106902729911587,24.1424063844755,True
grid,14962356.560944328,0.1,0.0015587250587077316,0.0005587250587077315,0.332997986043673,22.68200033435293,True
grid,15848931.924611142,0.1,0.0015232431629207965,0.0005232431629207965,0.3237087903848832,21.253435307216744,True
grid,16788040.18122559,0.1,0.0014885689335978898,0.0004885689335978897,0.31353456205177943,19.856291905967367,True
grid,17782794.100389227,0.1,0.0014546839860039025,0.00045468398600390244,0.30300188908522885,18.490361329241328,True
grid,18836490.89489802,0.1,0.001421570353890662,0.000421570353890662,0.2912641100156005,17.15407826564208,True
grid,19952623.149688788,0.1,0.0013892104799725785,0.00038921047997257847,0.2783777863826741,15.846796985285811,True
grid,21134890.398366477,0.1,0.0013575872066157121,0.0003575872066157121,0.26508887968179107,14.568577144310273,True
grid,22387211.385683376,0.1,0.0013266837667423362,0.0003266837667423362,0.25110308160640826,13.318453751299856,True
grid,23713737.056616552,0.1,0.0012964837749388709,0.00029648377493887083,0.23537547243268667,12.094726469987519,True
grid,25118864.315095823,0.1,0.0012669712187707652,0.00026697121877076514,0.21931182225089801,10.898160573081503,True
grid,26607250.597988084,0.1,0.0012381304502901654,0.00023813045029016542,0.2030052263481563,9.728223237954772,True
grid,28183829.31264455,0.1,0.0012099461777385532,0.00020994617773855318,0.1855968445131232,8.58344395405525,True
grid,29853826.189179573,0.1,0.0011824034574428976,0.00018240345744289762,0.16753114926547644,7.463669446981381,True
grid,31622776.60168379,0.1,0.0011554876858877706,0.00015548768588777057,0.14991526136874078,6.369422696879563,True
grid,33496543.915782794,0.1,0.0011291845919754293,0.00012918459197542925,0.13333090324348595,5.300714582260656,True
grid,35481338.92335753,0.1,0.001103480229455622,0.00010348022945562202,0.11768764093730963,4.25689681916219,True
grid,37583740.42884443,0.1,0.0010783609695369403,7.836096953694029e-05,0.10496869746969661,3.239407478947308,True
grid,39810717.05534969,0.1,0.001053813493654575,5.3813493654574895e-05,0.09792292462902094,2.250462670812017,True
grid,42169650.342858225,0.1,0.0010298247864116152,2.9824786411615208e-05,0.098536132364649,1.2915275888292572,True
grid,44668359.21509635,0.1,0.0010063821286779662,6.382128677966158e-06,0.10725821105681893,0.36254335817546524,True
grid,47315125.896148026,0.1,0.000983473090846476,-1.6526909153523946e-05,0.12261664343453697,0.7836930095754947,True
grid,50118723.36272725,0.1,0.000961085526242678,-3.891447375732203e-05,0.1426484249836003,1.6992273752764815,True
grid,53088444.423098795,0.1,0.0009392075646823883,-6.079243531761176e-05,0.1650027196742682,2.5967001323787384,True
grid,56234132.51903491,0.1,0.0009178276061803833,-8.217239381961671e-05,0.18854283548541054,3.475438588270079,True
grid,59566214.35290109,0.1,0.0008969343148003815,-0.00010306568519961856,0.2132833231356011,4.335910731120344,True
grid,63095734.448019296,0.1,0.0008765166126434387,-0.0001234833873565613,0.23615715308017926,5.17549264734263,True
grid,66834391.756861486,0.1,0.0008565636739730312,-0.0001434363260269688,0.26051520689112906,5.997968247969881,True
grid,70794578.43841374,0.1,0.0008370649194764264,-0.0001629350805235736,0.28276235865639426,6.800165579599338,True
grid,74989420.93324558,0.1,0.0008180100106557082,-0.00018198998934429184,0.3046773621452941,7.584276935916967,True
grid,79432823.47242822,0.1,0.0007993888443469338,-0.00020061115565306624,0.32782459155371735,8.352270817676366,True
grid,84139514.16451947,0.1,0.000781191547362125,-0.000218808452637875,0.34643952819713675,9.098777633712135,True
grid,89125093.8133746,0.1,0.0007634084712495544,-0.00023659152875044563,0.3663975592470999,9.830058709264923,True
grid,94406087.62859227,0.1,0.0007460301871913283,-0.00025396981280867176,0.38624174795028643,10.545034260297157,True
grid,100000000.0,0.1,0.0007290474809891612,-0.00027095251901083884,0.40260965400283366,11.240710414436387,True
grid,105925372.51772897,0.1,0.0007124513481865127,-0.0002875486518134873,0.4203066348435798,11.922252707383072,True
grid,112201845.43019652,0.1,0.0006962329892978217,-0.00030376701070217833,0.43797792062321467,12.588658348710348,True
grid,118850222.74370165,0.1,0.0006803838051285568,-0.0003196161948714432,0.4518885538368838,13.236536348694612,True
grid,125892541.17941661,0.1,0.000664895392236107,-0.00033510460776389305,0.46685254819733035,13.871036858753053,True
grid,133352143.2163324,0.1,0.0006497595384593,-0.0003502404615407,0.4829347384574226,14.492553200085423,True
grid,141253754.46227553,0.1,0.0006349682185627656,-0.0003650317814372344,0.4946239711183304,15.095895228607706,True
grid,149623565.60944358,0.1,0.0006205135899989047,-0.0003794864100010953,0.5074181449914266,15.686874545035238,True
grid,158489319.2461111,0.1,0.0006063879887291129,-0.0003936120112708871,0.5213698907508136,16.265850341586297,True
grid,167880401.8122559,0.1,0.0005925839251751462,-0.00040741607482485385,0.5335926193573894,16.830235612351544,True
grid,177827941.00389227,0.1,0.0005790940802365349,-0.0004209059197634651,0.5438298441484661,17.38006663468707,True
grid,188364908.9489802,0.1,0.000565911301417767,-0.000434088698582233,0.5545365961276283,17.91808453941695,True
grid,199526231.49688828,0.1,0.0005530285990406437,-0.0004469714009593563,0.5662481452724087,18.44510418364666,True
grid,211348903.98366433,0.1,0.0005404391425205425,-0.00045956085747945747,0.5750145751607535,18.95744887433905,True
grid,223872113.8568338,0.1,0.0005281362567679103,-0.0004718637432320897,0.583405139844083,19.45795486912767,True
grid,237137370.56616554,0.1,0.0005161134186211235,-0.00048388658137887657,0.5926914896249886,19.94815474478005,True
grid,251188643.1509582,0.1,0.0005043642534137416,-0.0004956357465862584,0.6029332652865041,20.42836312873684,True
grid,266072505.9798814,0.1,0.000492882531587184,-0.000507117468412816,0.6110982864301802,20.89579702294282,True
grid,281838293.12644494,0.1,0.00048166216538291184,-0.0005183378346170881,0.618226717952664,21.351740102636185,True
grid,298538261.8917957,0.1,0.00047069720560590276,-0.0005293027943940973,0.6249148454218745,21.797026621185765,True
grid,316227766.01683795,0.1,0.0004599818384878504,-0.0005400181615121495,0.632042634000446,22.232769094486425,True
grid,334965439.1578279,0.1,0.0004495103826103809,-0.0005504896173896192,0.6397654173766865,22.65935011296145,True
grid,354813389.23357606,0.1,0.0004392772858655732,-0.0005607227141344268,0.6438540152555978,23.07276258063267,True
grid,375837404.28844357,0.1,0.00042927712252431615,-0.0005707228774756839,0.6485535070377589,23.477468606065113,True
grid,398107170.5534969,0.1,0.00041950459036669077,-0.0005804954096333093,0.653909272999151,23.87372565833152,True
grid,421696503.42858225,0.1,0.00040995450787341696,-0.0005900454921265831,0.659972327152454,24.261792012215775,True
grid,446683592.1509635,0.1,0.0004006218114699093,-0.0005993781885300906,0.6668012690786674,24.641928810282295,True
grid,473151258.9614813,0.1,0.00039150155281572033,-0.0006084984471842797,0.6704985457093993,25.010436433080585,True
grid,501187233.6272715,0.1,0.0003825888962531325,-0.0006174111037468675,0.6744745149472016,25.370918664821904,True
grid,530884444.2309879,0.1,0.0003738791161522477,-0.0006261208838477523,0.6790685777529921,25.723903931663084,True
grid,562341325.1903491,0.1,0.00036536759448781343,-0.0006346324055121865,0.6824021229407493,26.067698343428212,True
grid,595662143.5290109,0.1,0.00035704981833484316,-0.0006429501816651569,0.6859822359721455,26.40398950257842,True
grid,630957344.4801943,0.1,0.00034892137748894736,-0.0006510786225110527,0.6897053654705496,26.732850265912656,True
grid,668343917.5686135,0.1,0.0003409779621552072,-0.0006590220378447928,0.6908468892226464,27.05172840301436,True
grid,707945784.3841373,0.1,0.00033321536063645883,-0.0006667846393635412,0.6923765994840813,27.363762174025727,True
grid,749894209.3324559,0.1,0.0003256294570754319,-0.0006743705429245681,0.6943263252224625,27.669148042205187,True
grid,794328234.7242821,0.1,0.00031821622933816745,-0.0006817837706618326,0.6967312351772045,27.968082061650506,True
grid,841395141.6451964,0.1,0.0003109717468174651,-0.000689028253182535,0.6996307689325408,28.26076089623394,True
grid,891250938.1337441,0.1,0.0003038921684222794,-0.0006961078315777206,0.7030699574995419,28.547383220608364,True
grid,944060876.2859226,0.1,0.00029697374044770344,-0.0007030262595522966,0.7057374499537086,28.82678783204557,True
grid,1000000000.0,0.1,0.00029021279467357356,-0.0007097872053264265,0.707072463203567,29.09856067626062,True
refined,45384441.184611216,0.1,0.0010000000000000002,2.168404344971009e-19,0.11091128374343749,0.11091128374344617,True
