point_id,metric,expected,observed,unit,lower,upper,normalized_error,status,source_locator,pool_applicability,scenario_id,evaluation_contract
alciatore_cut_000,cue_ball_target_line_angle,0.0,,degree,-3.0,3.0,,FAILED,"PDF p.2, M_exper: column <0> theta_exper; column <1> phi_exper",DIRECT,alciatore_cut_000,earliest two-frame-stable separating cue-ball direction; endpoint speed ratios use post-step ball velocities
alciatore_cut_008,cue_ball_target_line_angle,13.0,82.90211689066608,degree,10.0,16.0,23.300705630222026,FAILED,"PDF p.2, M_exper: column <0> theta_exper; column <1> phi_exper",DIRECT,alciatore_cut_008,earliest two-frame-stable separating cue-ball direction; endpoint speed ratios use post-step ball velocities
alciatore_cut_020,cue_ball_target_line_angle,34.0,87.2472984924313,degree,31.0,37.0,17.7490994974771,FAILED,"PDF p.2, M_exper: column <0> theta_exper; column <1> phi_exper",DIRECT,alciatore_cut_020,earliest two-frame-stable separating cue-ball direction; endpoint speed ratios use post-step ball velocities
alciatore_cut_034,cue_ball_target_line_angle,50.0,88.51380788850166,degree,47.0,53.0,12.837935962833887,FAILED,"PDF p.2, M_exper: column <0> theta_exper; column <1> phi_exper",DIRECT,alciatore_cut_034,earliest two-frame-stable separating cue-ball direction; endpoint speed ratios use post-step ball velocities
alciatore_cut_046,cue_ball_target_line_angle,61.0,89.08288603273256,degree,58.0,64.0,9.360962010910853,FAILED,"PDF p.2, M_exper: column <0> theta_exper; column <1> phi_exper",DIRECT,alciatore_cut_046,earliest two-frame-stable separating cue-ball direction; endpoint speed ratios use post-step ball velocities
alciatore_cut_057,cue_ball_target_line_angle,70.0,89.40375421292265,degree,67.0,73.0,6.467918070974217,FAILED,"PDF p.2, M_exper: column <0> theta_exper; column <1> phi_exper",DIRECT,alciatore_cut_057,earliest two-frame-stable separating cue-ball direction; endpoint speed ratios use post-step ball velocities
alciatore_cut_067,cue_ball_target_line_angle,78.0,89.61927508211318,degree,75.0,81.0,3.8730916940377256,FAILED,"PDF p.2, M_exper: column <0> theta_exper; column <1> phi_exper",DIRECT,alciatore_cut_067,earliest two-frame-stable separating cue-ball direction; endpoint speed ratios use post-step ball velocities
alciatore_cut_077,cue_ball_target_line_angle,87.0,89.79696194682576,degree,84.0,90.0,0.9323206489419201,PASSED,"PDF p.2, M_exper: column <0> theta_exper; column <1> phi_exper",DIRECT,alciatore_cut_077,earliest two-frame-stable separating cue-ball direction; endpoint speed ratios use post-step ball velocities
alciatore_cut_090,cue_ball_target_line_angle,90.0,90.0,degree,87.0,93.0,0.0,PASSED,"PDF p.2, M_exper: column <0> theta_exper; column <1> phi_exper",DIRECT,alciatore_cut_090,earliest two-frame-stable separating cue-ball direction; endpoint speed ratios use post-step ball velocities
